config,holdout_workload,case_id,workload,stressor,stressor_family,label,diagnosis_block_mode,diagnosis_selected_blocks,diagnosis_selected_block_idxs,diagnosis_peak_block_idx,diagnosis_peak_block_score,diagnosis_focus_score_mean,diagnosis_focus_score_max,dominant_tier,tier0_contrib,tier1_alt_contrib,tier2_contrib,tier0_share,tier1_alt_share,tier2_share,dominant_mechanism,compute_contrib,compute_share,memory_io_contrib,memory_io_share,thermal_power_contrib,thermal_power_share,scheduler_runtime_contrib,scheduler_runtime_share,platform_pressure_contrib,platform_pressure_share,top_feature_1,top_feature_score_1,top_feature_2,top_feature_score_2,top_feature_3,top_feature_score_3,top_feature_4,top_feature_score_4,top_feature_5,top_feature_score_5,top_mechanism_1,top_mechanism_score_1,top_mechanism_2,top_mechanism_score_2,top_mechanism_3,top_mechanism_score_3,feature_profile
tier0,ALL,BROWSER__ATOMIC,BROWSER,ATOMIC,synchronization,1,peak_window,5,"0,1,2,3,4",0,0.0060629785205761405,0.006001941788095595,0.0060629785205761405,tier0,0.0032595261449145465,0.0,0.0,1.0,0.0,0.0,memory_io,0.0011329383174112735,0.3475776131382972,0.0017645278855280683,0.5413449093761842,0.0,0.0,0.00021277549687561038,0.06527804576980578,0.0001492844450995942,0.04579943171571275,tier0:cpu_times_idle_pct,0.0002471754151046164,tier0:net_sent_Pps,0.00023700294192596137,tier0:cpu_times_user_pct,0.0001625804749836665,tier0:net_recv_Pps,0.00014567907438507727,tier0:cpu_pct,0.0001259031120756477,memory_io,0.0017645278855280683,compute,0.0011329383174112735,scheduler_runtime,0.00021277549687561038,full
tier0,ALL,BROWSER__BRANCH,BROWSER,BRANCH,control_flow,1,post_persist,5,"0,1,2,3,4",23,0.027789447519374434,0.02542546993584761,0.025657271612463988,tier0,0.00806218340393031,0.0,0.0,1.0,0.0,0.0,memory_io,0.0017262669696453633,0.2141190398625525,0.004988254282767764,0.6187225014424744,0.0,0.0,0.0005789067397512354,0.071805205953144,0.0007687554117659461,0.095353252741829,tier0:net_sent_Pps,0.000749434095310006,tier0:interrupts,0.0004522270683535333,tier0:mem_used_bytes,0.0004370345887802487,tier0:mem_wired_bytes,0.0004225392225636725,tier0:net_recv_Pps,0.00041853122338441116,memory_io,0.004988254282767764,compute,0.0017262669696453633,platform_pressure,0.0007687554117659461,full
tier0,ALL,BROWSER__CACHE,BROWSER,CACHE,memory_pressure,1,peak_window,5,"540,541,542,543,544",540,0.009407557912263484,0.008821316677250918,0.009407557912263484,tier0,0.004835091216201203,0.0,0.0,0.9999999999999997,0.0,0.0,memory_io,0.001536962925916336,0.3178767177682916,0.0026125476584597873,0.5403305835690919,0.0,0.0,0.00040316438059169,0.08338299373562696,0.0002824162512333931,0.058409704926989894,tier0:cpu_times_idle_pct,0.0003149392574941994,tier0:net_recv_Bps,0.00022705882032427734,tier0:net_recv_Pps,0.00021250753773038517,tier0:interrupts,0.00021248401834916508,tier0:mem_wired_bytes,0.00020099593875654167,memory_io,0.0026125476584597873,compute,0.001536962925916336,scheduler_runtime,0.00040316438059169,full
tier0,ALL,BROWSER__MEMBW,BROWSER,MEMBW,memory_pressure,1,peak_window,5,"9,10,11,12,13",9,0.01236226930466173,0.012328069808644187,0.01236226930466173,tier0,0.006579935577490739,0.0,0.0,1.0,0.0,0.0,memory_io,0.0015122969348092326,0.2298346111446197,0.004407529407957572,0.6698438542521999,0.0,0.0,0.00033207546598264953,0.0504678901596916,0.0003280337687412842,0.049853644443488616,tier0:net_sent_Pps,0.0010920278601142448,tier0:net_recv_Pps,0.00046500871218261105,tier0:net_recv_Bps,0.0003217958110488963,tier0:interrupts,0.00029018196720854116,tier0:net_sent_Bps,0.0002804843980070613,memory_io,0.004407529407957572,compute,0.0015122969348092326,scheduler_runtime,0.00033207546598264953,full
tier0,ALL,BROWSER__NOMINAL,BROWSER,NOMINAL,benign,0,peak_window_backfill,3,"936,938,939",939,0.0052014805975895955,0.00519145735710261,0.0052014805975895955,tier0,0.00219796197924183,0.0,0.0,0.9999999999999998,0.0,0.0,compute,0.0009342259859265013,0.42504192281285735,0.0008173629787314206,0.3718731199405749,0.0,0.0,0.00013503682022998574,0.061437286679802174,0.0003113361943539229,0.14164767056676558,tier0:cpu_times_idle_pct,0.0002915676138309553,tier0:net_sent_Bps,0.00013111827852569746,tier0:net_sent_Pps,0.00012200243718215113,tier0:pids_count,0.00010765908241470404,tier0:load15,0.00010581960734405046,compute,0.0009342259859265013,memory_io,0.0008173629787314206,platform_pressure,0.0003113361943539229,full
tier0,ALL,BROWSER__TLB,BROWSER,TLB,memory_pressure,1,peak_window,5,"163,164,165,166,167",163,0.011007401108103646,0.010966859626975248,0.011007401108103646,tier0,0.005606136125574716,0.0,0.0,0.9999999999999997,0.0,0.0,memory_io,0.0013407872140582004,0.2391642272012702,0.0037324218611533354,0.6657743903374631,0.0,0.0,0.0004096179270386507,0.07306599730427672,0.00012330912332452994,0.02199538515698971,tier0:net_sent_Pps,0.00038741750226987194,tier0:net_recv_Pps,0.00035132519222944833,tier0:net_recv_Bps,0.00032192518230655286,tier0:cpu_times_idle_pct,0.00031530478731772976,tier0:interrupts,0.00030124302221840244,memory_io,0.0037324218611533354,compute,0.0013407872140582004,scheduler_runtime,0.0004096179270386507,full
tier0,ALL,PY_AI__ATOMIC,PY_AI,ATOMIC,synchronization,1,peak_window,5,"339,340,341,342,343",339,0.01319201066963746,0.013145577586843094,0.01319201066963746,tier0,0.003952684087146536,0.0,0.0,1.0000000000000002,0.0,0.0,memory_io,0.0012186225158603904,0.30830253291001575,0.0021949582349943876,0.5553082883937077,0.0,0.0,0.000311706243043615,0.0788593867284338,0.00022739709324814277,0.057529791967842796,tier0:cpu_times_idle_pct,0.0002906038730065233,tier0:mem_used_bytes,0.0002894250627373274,tier0:interrupts,0.0002125614065939922,tier0:mem_wired_bytes,0.00020663917002934106,tier0:mem_active_bytes,0.00019784103424384515,memory_io,0.0021949582349943876,compute,0.0012186225158603904,scheduler_runtime,0.000311706243043615,full
tier0,ALL,PY_AI__BRANCH,PY_AI,BRANCH,control_flow,1,peak_window,5,"547,548,549,550,551",547,0.009782769903008661,0.009765916471993156,0.009782769903008661,tier0,0.005686219178499543,0.0,0.0,0.9999999999999999,0.0,0.0,memory_io,0.0017072083476115734,0.3002361136670192,0.00337591663815,0.5937014617577269,0.0,0.0,0.00025600617919168826,0.045022214437263765,0.0003470880135462822,0.061040210137990214,tier0:swap_sin_bytes,0.0003367682721258951,tier0:net_recv_Pps,0.0002876016920768763,tier0:net_recv_Bps,0.00028151521391631275,tier0:net_sent_Pps,0.000255068519668057,tier0:cpu_times_idle_pct,0.0002529493914574538,memory_io,0.00337591663815,compute,0.0017072083476115734,platform_pressure,0.0003470880135462822,full
tier0,ALL,PY_AI__CACHE,PY_AI,CACHE,memory_pressure,1,peak_window,5,"730,731,732,733,734",730,0.006231470545212965,0.006112886244986817,0.006231470545212965,tier0,0.004028680658285593,0.0,0.0,0.9999999999999998,0.0,0.0,compute,0.0017501543903887737,0.43442370811628245,0.001716930652924535,0.4261769046879916,0.0,0.0,0.00027555465613303713,0.06839823741460299,0.00028604095883924736,0.07100114978112267,tier0:cpu_times_idle_pct,0.0002633156495514701,tier0:net_sent_Bps,0.0002120787266974198,tier0:cpu_times_user_pct,0.0001956130454894907,tier0:cpu_pct,0.0001894047733925977,tier0:net_sent_Pps,0.0001851009220399124,compute,0.0017501543903887737,memory_io,0.001716930652924535,platform_pressure,0.00028604095883924736,full
tier0,ALL,PY_AI__MEMBW,PY_AI,MEMBW,memory_pressure,1,peak_window,5,"764,765,766,767,768",764,0.009975548136389085,0.009933223945891141,0.009975548136389085,tier0,0.005946819172882195,0.0,0.0,0.9999999999999999,0.0,0.0,memory_io,0.0016110024680870553,0.2709015393360723,0.0038502971011821372,0.64745488121443,0.0,0.0,0.00033922077657855764,0.05704238967369682,0.0001462988270344461,0.024601189775800877,tier0:swap_sin_bytes,0.0003573654381195102,tier0:net_recv_Pps,0.00031662111468374975,tier0:net_sent_Pps,0.00030795982789269923,tier0:net_recv_Bps,0.00030276342455338946,tier0:net_sent_Bps,0.0002838080166960274,memory_io,0.0038502971011821372,compute,0.0016110024680870553,scheduler_runtime,0.00033922077657855764,full
tier0,ALL,PY_AI__NOMINAL,PY_AI,NOMINAL,benign,0,peak_window,5,"219,220,221,222,223",219,0.0054519566066088265,0.005413695678673535,0.0054519566066088265,tier0,0.002648624289792912,0.0,0.0,1.0000000000000002,0.0,0.0,compute,0.0012265122063878145,0.46307519383344176,0.001093553843623259,0.41287616663394755,0.0,0.0,0.00018107784100653967,0.06836675239457901,0.00014748039877529823,0.05568188713803169,tier0:cpu_times_idle_pct,0.00029685934857002897,tier0:cpu_pct,0.00015046052784924735,tier0:cpu_times_user_pct,0.0001455920857784922,tier0:net_sent_Bps,0.00013150227743587004,tier0:net_sent_Pps,0.00011963695409488044,compute,0.0012265122063878145,memory_io,0.001093553843623259,scheduler_runtime,0.00018107784100653967,full
tier0,ALL,PY_AI__TLB,PY_AI,TLB,memory_pressure,1,peak_window,5,"728,729,730,731,732",728,0.007781908230854351,0.007744097728386468,0.007781908230854351,tier0,0.004411727369859963,0.0,0.0,1.0,0.0,0.0,memory_io,0.0015771035411948212,0.35747982796246125,0.002448039698950185,0.5548936944006789,0.0,0.0,0.0002238907660550483,0.05074900311941875,0.00016269336365990812,0.036877474517441076,tier0:cpu_times_idle_pct,0.00026761108761190206,tier0:swap_sin_bytes,0.00021609230443170703,tier0:net_sent_Pps,0.0001984887033497444,tier0:net_recv_Pps,0.00019171490387889887,tier0:net_recv_Bps,0.00018743783039887752,memory_io,0.002448039698950185,compute,0.0015771035411948212,scheduler_runtime,0.0002238907660550483,full
tier0,ALL,PY_STATS__ATOMIC,PY_STATS,ATOMIC,synchronization,1,post_persist,5,"0,1,2,3,4",939,0.025022546555610252,0.022416339229525083,0.02246352537945153,tier0,0.010977619314171946,0.0,0.0,1.0000000000000002,0.0,0.0,memory_io,0.002428922545303916,0.22126132049124833,0.006998934181695753,0.6375639363500456,0.0,0.0,0.0011268764923924183,0.10265217440521346,0.00042288609477985446,0.038522568753492366,tier0:interrupts,0.0008947145011225812,tier0:mem_wired_bytes,0.000820472119181081,tier0:mem_used_bytes,0.0007942365403499242,tier0:mem_active_bytes,0.0007727204026755755,tier0:net_sent_Bps,0.0006504613446240002,memory_io,0.006998934181695753,compute,0.002428922545303916,scheduler_runtime,0.0011268764923924183,full
tier0,ALL,PY_STATS__BRANCH,PY_STATS,BRANCH,control_flow,1,post_persist,5,"749,750,751,752,753",939,0.018769108262413816,0.017637310589173515,0.017660339904356104,tier0,0.008205470387092973,0.0,0.0,1.0,0.0,0.0,memory_io,0.002028373530449143,0.24719771503163676,0.005034785775690914,0.6135889276513048,0.0,0.0,0.0007181065988794671,0.08751559203833496,0.0004242044820734498,0.0516977652787236,tier0:interrupts,0.0006134506172610195,tier0:mem_wired_bytes,0.0005617320318695622,tier0:mem_active_bytes,0.000543114368777091,tier0:mem_used_bytes,0.0005136228828510226,tier0:net_sent_Bps,0.0004971401264856698,memory_io,0.005034785775690914,compute,0.002028373530449143,scheduler_runtime,0.0007181065988794671,full
tier0,ALL,PY_STATS__CACHE,PY_STATS,CACHE,memory_pressure,1,peak_window_backfill,3,"937,938,939",938,0.0115445188960381,0.011528690409750575,0.0115445188960381,tier0,0.005485626637319927,0.0,0.0,0.9999999999999997,0.0,0.0,memory_io,0.0017130937504875982,0.312287704531884,0.002779691774529672,0.5067227425976852,0.0,0.0,0.0003787077789499713,0.0690363752380701,0.0006141333333526866,0.11195317763236053,tier0:net_sent_Bps,0.00032536932547013093,tier0:interrupts,0.00031298208542831975,tier0:mem_wired_bytes,0.0002949509463046839,tier0:mem_active_bytes,0.00027992428337194236,tier0:mem_used_bytes,0.00027654757156347903,memory_io,0.002779691774529672,compute,0.0017130937504875982,platform_pressure,0.0006141333333526866,full
tier0,ALL,PY_STATS__MEMBW,PY_STATS,MEMBW,memory_pressure,1,post_persist,5,"0,1,2,3,4",936,0.02215677995937443,0.019309892999385042,0.019379957814316156,tier0,0.010180981548090837,0.0,0.0,0.9999999999999998,0.0,0.0,memory_io,0.0021912735589098703,0.21523205287812186,0.0062497276661337715,0.6138629793809748,0.0,0.0,0.0010267443768645882,0.10084925230584724,0.0007132359461826085,0.07005571543505608,tier0:interrupts,0.0007720662734849689,tier0:mem_wired_bytes,0.0007123567951744398,tier0:mem_active_bytes,0.000700639658871051,tier0:mem_used_bytes,0.0006283791948757701,tier0:swap_sin_bytes,0.00061839629076768,memory_io,0.0062497276661337715,compute,0.0021912735589098703,scheduler_runtime,0.0010267443768645882,full
tier0,ALL,PY_STATS__NOMINAL,PY_STATS,NOMINAL,benign,0,peak_window,5,"907,908,909,910,911",907,0.005583073030861115,0.005520460149760898,0.005583073030861115,tier0,0.0022910744190146287,0.0,0.0,1.0,0.0,0.0,compute,0.0014202135471982093,0.6198897492858529,0.000683185807604101,0.2981945073167607,0.0,0.0,0.00011096263632693526,0.04843257617736369,7.671242788538331e-05,0.033483167220022765,tier0:cpu_times_idle_pct,0.00027299838099076654,tier0:net_sent_Bps,0.0001432102887669457,tier0:net_sent_Pps,0.00011626102070590524,tier0:cpu11_pct,0.00010205205689713051,tier0:cpu9_pct,0.00010195207409818468,compute,0.0014202135471982093,memory_io,0.000683185807604101,scheduler_runtime,0.00011096263632693526,full
tier0,ALL,PY_STATS__TLB,PY_STATS,TLB,memory_pressure,1,peak_window,5,"884,885,886,887,888",884,0.01415022886523322,0.014105923796897082,0.01415022886523322,tier0,0.006434908175821624,0.0,0.0,1.0000000000000002,0.0,0.0,memory_io,0.0018664275268963208,0.29004726654984647,0.003652946206584539,0.5676765086268108,0.0,0.0,0.00048645999337286553,0.07559703729738976,0.00042907444896789747,0.0666791875259529,tier0:net_sent_Bps,0.00040376661210964846,tier0:interrupts,0.00038271517321376614,tier0:swap_sin_bytes,0.00035424204946696443,tier0:mem_wired_bytes,0.0003491681938526031,tier0:mem_active_bytes,0.00034761071468728487,memory_io,0.003652946206584539,compute,0.0018664275268963208,scheduler_runtime,0.00048645999337286553,full
tier0,ALL,VIDEO_SW__ATOMIC,VIDEO_SW,ATOMIC,synchronization,1,peak_window,5,"26,27,28,29,30",26,0.012614713468750649,0.012574301443243192,0.012614713468750649,tier0,0.005264243415967574,0.0,0.0,0.9999999999999999,0.0,0.0,memory_io,0.0016211080398153906,0.3079470137908562,0.0029733626058135202,0.5648224010300656,0.0,0.0,0.0004566391432251006,0.08674354644012405,0.00021313362711356378,0.0404870387389542,tier0:mem_used_bytes,0.0005304154628476242,tier0:mem_wired_bytes,0.00033732952049722657,tier0:interrupts,0.0003346236163053497,tier0:cpu_times_idle_pct,0.0002519943566316021,tier0:mem_free_bytes,0.00024863269567010164,memory_io,0.0029733626058135202,compute,0.0016211080398153906,scheduler_runtime,0.0004566391432251006,full
tier0,ALL,VIDEO_SW__BRANCH,VIDEO_SW,BRANCH,control_flow,1,post_persist,5,"773,774,775,776,777",798,0.022472249507690417,0.019896056293468245,0.02089848743177666,tier0,0.0067743720675834795,0.0,0.0,0.9999999999999999,0.0,0.0,memory_io,0.0018547301777360192,0.2737862873831831,0.004157325897965062,0.6136843173788123,0.0,0.0,0.00046658586890041765,0.06887514654429895,0.0002957301229819824,0.04365424869370568,tier0:mem_used_bytes,0.00040104541414255466,tier0:net_sent_Bps,0.00038728355528094534,tier0:mem_free_bytes,0.0003513013197534308,tier0:interrupts,0.000305946980866507,tier0:cpu_times_idle_pct,0.0003009412581269981,memory_io,0.004157325897965062,compute,0.0018547301777360192,scheduler_runtime,0.00046658586890041765,full
tier0,ALL,VIDEO_SW__CACHE,VIDEO_SW,CACHE,memory_pressure,1,peak_window,5,"128,129,130,131,132",128,0.011556913356468069,0.011532096811838317,0.011556913356468069,tier0,0.006421440172362598,0.0,0.0,0.9999999999999998,0.0,0.0,memory_io,0.002085852789273757,0.32482632139922635,0.003417815821790444,0.5322506680822893,0.0,0.0,0.00034478675068076834,0.053693056608189675,0.0005729848106176295,0.08922995391029467,tier0:mem_free_bytes,0.0003625407728482358,tier0:disk_write_IOPS,0.0002849240883135614,tier0:disk_write_Bps,0.0002836491101922598,tier0:net_recv_Bps,0.00026219694675583754,tier0:cpu4_pct,0.00024916160313830543,memory_io,0.003417815821790444,compute,0.002085852789273757,platform_pressure,0.0005729848106176295,full
tier0,ALL,VIDEO_SW__MEMBW,VIDEO_SW,MEMBW,memory_pressure,1,post_persist,5,"35,36,37,38,39",61,0.019896922258545804,0.017926226949394084,0.018275383553481836,tier0,0.00715899243177585,0.0,0.0,1.0,0.0,0.0,memory_io,0.001747653295380391,0.24412000879107934,0.004215306420995639,0.5888128058755323,0.0,0.0,0.0002709156549290781,0.03784270726793814,0.0009251170604707422,0.12922447806545018,tier0:swap_sin_bytes,0.0004466552746196582,tier0:mem_free_bytes,0.0003532016065895471,tier0:net_sent_Bps,0.0003417679077714331,tier0:net_recv_Bps,0.00033105010571944275,tier0:load15,0.0003243826820308274,memory_io,0.004215306420995639,compute,0.001747653295380391,platform_pressure,0.0009251170604707422,full
tier0,ALL,VIDEO_SW__NOMINAL,VIDEO_SW,NOMINAL,benign,0,peak_window,5,"614,615,616,617,618",614,0.02085626551498269,0.02051509956434245,0.02085626551498269,tier0,0.0021739233370459913,0.0,0.0,1.0,0.0,0.0,compute,0.0010226603278098018,0.4704215233272352,0.0009213560383711771,0.4238217708372138,0.0,0.0,0.00010905329291358465,0.05016427721033179,0.00012085367795142799,0.055592428625219376,tier0:cpu_times_idle_pct,0.00021363821366902222,tier0:net_sent_Bps,0.0001264218496718387,tier0:net_sent_Pps,0.00011000690603310067,tier0:pids_count,7.628930254691978e-05,tier0:cpu1_pct,7.444223014989151e-05,compute,0.0010226603278098018,memory_io,0.0009213560383711771,platform_pressure,0.00012085367795142799,full
tier0,ALL,VIDEO_SW__TLB,VIDEO_SW,TLB,memory_pressure,1,peak_window,5,"880,881,882,883,884",880,0.010165739504810941,0.010148965702503846,0.010165739504810941,tier0,0.005102051792809642,0.0,0.0,1.0000000000000002,0.0,0.0,memory_io,0.0018337367827104146,0.3594116361763934,0.002782389457001525,0.5453471603174955,0.0,0.0,0.00015005319626171172,0.029410363194113942,0.00033587235683599036,0.06583084031199717,tier0:mem_free_bytes,0.00027883432384977035,tier0:cpu_times_idle_pct,0.00026615107189521597,tier0:net_sent_Bps,0.0002623242135504416,tier0:disk_write_Bps,0.00025839940961981125,tier0:disk_write_IOPS,0.0002455082848195011,memory_io,0.002782389457001525,compute,0.0018337367827104146,platform_pressure,0.00033587235683599036,full
tier0_tier1,ALL,BROWSER__ATOMIC,BROWSER,ATOMIC,synchronization,1,peak_window,5,"0,1,2,3,4",0,0.006986116855687892,0.006938321264682003,0.006986116855687892,tier0,0.003275386926438481,0.001009970932273212,0.0,0.7643205152120389,0.2356794847879611,0.0,compute,0.0019246582160665836,0.44912426908617464,0.0015893986713171196,0.37089053556776713,0.00039106687501848863,0.09125652697206833,0.00013160547103985607,0.030710497321085016,0.0002486286252696452,0.058018171052904875,tier0:cpu_times_idle_pct,0.00027804238250567003,tier0:net_sent_Pps,0.0002644813925079928,tier1_alt:pcpu_usage_0,0.00017768705297868404,tier0:cpu_times_user_pct,0.00016919358307092714,tier1_alt:ecpu_usage_0,0.0001612857074487299,compute,0.0019246582160665836,memory_io,0.0015893986713171196,thermal_power,0.00039106687501848863,full
tier0_tier1,ALL,BROWSER__BRANCH,BROWSER,BRANCH,control_flow,1,post_persist,5,"0,1,2,3,4",23,0.036393915342511074,0.0315146389202212,0.0320910983799848,tier0,0.007990012672105227,0.0021032458805868557,0.0,0.7916187453628761,0.2083812546371237,0.0,memory_io,0.003136061445258478,0.3107085218204407,0.003995087596151621,0.39581742360954847,0.0010406867435756252,0.10310711235055524,0.0005532260253034787,0.05481143898329264,0.0013681967424028821,0.13555550323616306,tier0:net_sent_Pps,0.0008311714249924773,tier0:load15,0.0004705554696074775,tier0:load5,0.00046599836231021305,tier0:pids_count,0.00046093370074891827,tier0:load1,0.00043164291048519157,memory_io,0.003995087596151621,compute,0.003136061445258478,platform_pressure,0.0013681967424028821,full
tier0_tier1,ALL,BROWSER__CACHE,BROWSER,CACHE,memory_pressure,1,peak_window_backfill,3,"937,938,939",939,0.015307991083397782,0.015286731140800243,0.015307991083397782,tier0,0.006517843357389496,0.003712164463650642,0.0,0.6371298508671905,0.36287014913280946,0.0,compute,0.004153611218695722,0.4060222916108585,0.002720558919512161,0.2659390850040961,0.0020264547720388174,0.1980892690884353,0.0005815272883572208,0.05684524377011609,0.0007478556224362168,0.07310411052649404,tier1_alt:temp_cpu_temp_avg,0.0005438862688595412,tier0:pids_count,0.0005322234895149792,tier1_alt:gpu_usage_0,0.0003594760515810365,tier0:cpu_times_idle_pct,0.00034536209344730907,tier0:swap_sin_bytes,0.0003365856260909982,compute,0.004153611218695722,memory_io,0.002720558919512161,thermal_power,0.0020264547720388174,full
tier0_tier1,ALL,BROWSER__MEMBW,BROWSER,MEMBW,memory_pressure,1,peak_window,5,"835,836,837,838,839",835,0.01384743931847122,0.01375505562912815,0.01384743931847122,tier0,0.00636060823499847,0.0018188939891939373,0.0,0.7776277896454116,0.22237221035458835,0.0,memory_io,0.002634710564634666,0.3221113574420234,0.004022237135772289,0.49174595538048393,0.0006760205320837806,0.08264812620067802,0.0002601409125388624,0.03180400290979163,0.0005863930791628085,0.07169055806702287,tier0:net_sent_Pps,0.001256780727562283,tier0:net_recv_Pps,0.0004894506457242618,tier1_alt:memory_swap_total,0.0003526872255993914,tier0:net_sent_Bps,0.00034771667647158196,tier0:cpu_times_idle_pct,0.0003144990680074647,memory_io,0.004022237135772289,compute,0.002634710564634666,thermal_power,0.0006760205320837806,full
tier0_tier1,ALL,BROWSER__NOMINAL,BROWSER,NOMINAL,benign,0,peak_window,5,"928,929,930,931,932",928,0.00730010667908357,0.007272195472351452,0.00730010667908357,tier0,0.002533196602031498,0.0007615504729864104,0.0,0.7688592005253481,0.23114079947465196,0.0,compute,0.001568623643692871,0.4760983492744568,0.001022393582127276,0.31031018735230803,0.000264757954667754,0.08035759608840837,0.00013396328425109046,0.040659656477686476,0.00030500861027891676,0.0925742108071403,tier0:cpu_times_idle_pct,0.00032865722240384116,tier1_alt:ecpu_usage_0,0.00015992413800039327,tier0:net_sent_Bps,0.00015010484661810597,tier0:net_sent_Pps,0.0001404600403262282,tier1_alt:temp_gpu_temp_avg,0.00011931929218037923,compute,0.001568623643692871,memory_io,0.001022393582127276,platform_pressure,0.00030500861027891676,full
tier0_tier1,ALL,BROWSER__TLB,BROWSER,TLB,memory_pressure,1,peak_window,5,"169,170,171,172,173",169,0.014630184517989997,0.014609857281007646,0.014630184517989997,tier0,0.0056241491393424665,0.003995101905382119,0.0,0.5846764070500973,0.4153235929499025,0.0,compute,0.0038209210348930252,0.39721606361323775,0.0030055271845234525,0.3124491886685659,0.001882694171119286,0.19572149249101858,0.0004147422218611977,0.04311585381573461,0.0004953664323276243,0.05149740141144298,tier0:net_sent_Pps,0.0004942316282879532,tier1_alt:pcpu_usage_0,0.0004649149141432747,tier1_alt:temp_cpu_temp_avg,0.00040805069806341466,tier0:pids_count,0.0003852382296362724,tier1_alt:gpu_usage_0,0.0003635162503672665,compute,0.0038209210348930252,memory_io,0.0030055271845234525,thermal_power,0.001882694171119286,full
tier0_tier1,ALL,PY_AI__ATOMIC,PY_AI,ATOMIC,synchronization,1,post_persist,5,"291,292,293,294,295",292,0.024855540962760034,0.024788295581529125,0.024855540962760034,tier0,0.006952108408449615,0.002006737054750018,0.0,0.7760049480713651,0.22399505192863506,0.0,memory_io,0.0028904955463894297,0.3226415232032695,0.0036928330453485426,0.41219965904285794,0.001002310781342712,0.11187945873828468,0.0007889283394391291,0.08806138499428531,0.000584277750679818,0.06521797402130258,tier0:mem_used_bytes,0.0005968612127961296,tier0:pids_count,0.00045038189352282775,tier0:mem_wired_bytes,0.0003511078011429787,tier0:interrupts,0.0003385464459163014,tier0:mem_free_bytes,0.0003370336021971348,memory_io,0.0036928330453485426,compute,0.0028904955463894297,thermal_power,0.001002310781342712,full
tier0_tier1,ALL,PY_AI__BRANCH,PY_AI,BRANCH,control_flow,1,post_persist,5,"0,1,2,3,4",1,0.04362174747554638,0.043538348218635115,0.04362174747554638,tier0,0.011540776355750328,0.003521487360730837,0.0,0.7662046404832483,0.2337953595167516,0.0,memory_io,0.004098650668848087,0.27211385658872334,0.008087375182022018,0.536929596656364,0.0013665253508584208,0.09072509793884205,0.0011897112532662803,0.0789862185167091,0.00032000126148635854,0.02124523029936147,tier0:mem_used_bytes,0.0009391598173850374,tier0:interrupts,0.0007705209992978325,tier1_alt:memory_swap_total,0.0007216822348587403,tier0:mem_wired_bytes,0.000707615668697162,tier0:mem_active_bytes,0.0005707140159068216,memory_io,0.008087375182022018,compute,0.004098650668848087,thermal_power,0.0013665253508584208,full
tier0_tier1,ALL,PY_AI__CACHE,PY_AI,CACHE,memory_pressure,1,post_persist,5,"0,1,2,3,4",490,0.0410768596586959,0.03607953068723898,0.03614848887987371,tier0,0.01849111850448255,0.005595977559958231,0.0,0.7676773677911537,0.23232263220884664,0.0,memory_io,0.008255020190007725,0.3427154592617921,0.01147389726605214,0.4763503759588019,0.002247540494332064,0.09330890234003993,0.001660650287881205,0.06894356561033461,0.000449987826167638,0.018681696829031404,tier0:swap_total_bytes,0.0026417517733837853,tier0:mem_used_bytes,0.0015283210131397352,tier0:swap_used_bytes,0.00115552490402412,tier0:pids_count,0.0009781165774052887,tier1_alt:pcpu_usage_0,0.0008285863311058757,memory_io,0.01147389726605214,compute,0.008255020190007725,thermal_power,0.002247540494332064,full
tier0_tier1,ALL,PY_AI__MEMBW,PY_AI,MEMBW,memory_pressure,1,post_persist,5,"0,1,2,3,4",467,0.04852384326185571,0.02673622907935137,0.02679877605321237,tier0,0.012994569334791236,0.005542705508043912,0.0,0.7009967454743636,0.29900325452563625,0.0,memory_io,0.00476325678195329,0.2569556109157188,0.008788679814585766,0.4741085132037454,0.0030555043857183523,0.16483028986859613,0.0015809787897303105,0.08528647296511199,0.00034885507084742837,0.01881911304682762,tier0:mem_used_bytes,0.0010565777669461094,tier0:interrupts,0.0009265702092626291,tier0:mem_wired_bytes,0.0008758733458586802,tier0:mem_active_bytes,0.0007478840127411155,tier1_alt:all_power,0.0006879769839736819,memory_io,0.008788679814585766,compute,0.00476325678195329,thermal_power,0.0030555043857183523,full
tier0_tier1,ALL,PY_AI__NOMINAL,PY_AI,NOMINAL,benign,0,peak_window,5,"219,220,221,222,223",219,0.007351360738123065,0.007289590754451921,0.007351360738123065,tier0,0.003049494375977377,0.001616533312625042,0.0,0.6535525675139681,0.3464474324860319,0.0,compute,0.0022014486151509917,0.47180359013479733,0.0013327297627665539,0.28562405791589646,0.0007596930207644085,0.16281365466820744,0.00019981931399570534,0.042824288094946074,0.00017233697592476064,0.036934409186152824,tier0:cpu_times_idle_pct,0.00033249668066182974,tier0:cpu_pct,0.00017547519843418043,tier0:cpu_times_user_pct,0.00016865873914941786,tier0:net_sent_Bps,0.00014564886497470684,tier1_alt:ecpu_usage_0,0.0001451511064670434,compute,0.0022014486151509917,memory_io,0.0013327297627665539,thermal_power,0.0007596930207644085,full
tier0_tier1,ALL,PY_AI__TLB,PY_AI,TLB,memory_pressure,1,post_persist,5,"914,915,916,917,918",939,0.029061326926239604,0.025539551760342994,0.026063713953108192,tier0,0.005207023897292156,0.004060705273215597,0.0,0.5618446332961711,0.438155366703829,0.0,compute,0.003369132406775251,0.3635337572764511,0.0030160753673780082,0.32543844472450917,0.0023471242505658,0.25325775142792695,0.000362221077235671,0.039084124122697676,0.00017317606855302373,0.018685922448415257,tier1_alt:all_power,0.00047799773895388845,tier1_alt:sys_power,0.00045708964963547013,tier1_alt:gpu_usage_0,0.00040271360580214274,tier1_alt:ram_power,0.00039670052928305076,tier1_alt:ecpu_usage_0,0.00037932577117255167,compute,0.003369132406775251,memory_io,0.0030160753673780082,thermal_power,0.0023471242505658,full
tier0_tier1,ALL,PY_STATS__ATOMIC,PY_STATS,ATOMIC,synchronization,1,post_persist,5,"0,1,2,3,4",905,0.03564119100191373,0.03146283905401349,0.03152641536414544,tier0,0.012969321972876735,0.005973288340708578,0.0,0.6846639274195151,0.31533607258048474,0.0,memory_io,0.0055249995447951596,0.2916704431612957,0.00902845723888809,0.47662160016104194,0.002673962255109832,0.1411612344256542,0.001179003989524684,0.06224084062369813,0.0005361872852675489,0.028305881628309933,tier1_alt:pcpu_usage_0,0.001023222417427912,tier0:interrupts,0.0008820096422931988,tier0:mem_wired_bytes,0.0008391010327587092,tier0:mem_active_bytes,0.0008314533202890703,tier0:swap_sin_bytes,0.0007754952756097806,memory_io,0.00902845723888809,compute,0.0055249995447951596,thermal_power,0.002673962255109832,full
tier0_tier1,ALL,PY_STATS__BRANCH,PY_STATS,BRANCH,control_flow,1,post_persist,5,"812,813,814,815,816",928,0.02570235095362313,0.024818137598138425,0.024870911180437136,tier0,0.009426160588772187,0.0036830256132888103,0.0,0.7190500190843444,0.2809499809156553,0.0,memory_io,0.0042040112592580305,0.320692008981998,0.006434082532790913,0.4908071663349598,0.0012698663547840113,0.09686843524919689,0.0007501728558994213,0.0572249752453345,0.00045105319932862195,0.03440741418851067,tier0:interrupts,0.0006011628848733908,tier0:mem_active_bytes,0.0005793871876683225,tier0:mem_wired_bytes,0.0005619762692706885,tier1_alt:pcpu_usage_0,0.0005582521395985844,tier0:net_sent_Bps,0.0005156817261814209,memory_io,0.006434082532790913,compute,0.0042040112592580305,thermal_power,0.0012698663547840113,full
tier0_tier1,ALL,PY_STATS__CACHE,PY_STATS,CACHE,memory_pressure,1,peak_window,5,"485,486,487,488,489",485,0.019088099891689532,0.015104528655190446,0.019088099891689532,tier0,0.006283907606779107,0.0027234477352904457,0.0,0.6976418014097464,0.3023581985902533,0.0,memory_io,0.003358542481211863,0.3728666577108964,0.003743033651606092,0.41555301300526715,0.0007283095777949134,0.08085720504366989,0.00037287743086844544,0.041396993535593334,0.0008045922005882399,0.08932613070457311,tier1_alt:memory_swap_total,0.0004365056129890745,tier0:net_sent_Bps,0.00036210086347820877,tier0:net_sent_Pps,0.00034096532647014653,tier1_alt:memory_swap_usage,0.0003408397171381065,tier0:cpu_times_idle_pct,0.00031225061515008476,memory_io,0.003743033651606092,compute,0.003358542481211863,platform_pressure,0.0008045922005882399,full
tier0_tier1,ALL,PY_STATS__MEMBW,PY_STATS,MEMBW,memory_pressure,1,post_persist,5,"0,1,2,3,4",328,0.029131333331152663,0.025356901284383337,0.025432082820778038,tier0,0.01107222699783062,0.004687356763655507,0.0,0.7025710301365543,0.29742896986344586,0.0,memory_io,0.004450221081948045,0.28238189214258724,0.007617993246247155,0.48338797277528983,0.0017864173572491183,0.11335434896541072,0.0009815598243729073,0.062283359714847344,0.0009233922516688987,0.05859242640186476,tier1_alt:pcpu_usage_0,0.0007863542703522961,tier0:interrupts,0.0006943909744517096,tier0:swap_sin_bytes,0.0006943897558304908,tier0:mem_active_bytes,0.0006850695322729198,tier0:mem_wired_bytes,0.0006496606570765911,memory_io,0.007617993246247155,compute,0.004450221081948045,thermal_power,0.0017864173572491183,full
tier0_tier1,ALL,PY_STATS__NOMINAL,PY_STATS,NOMINAL,benign,0,peak_window,5,"615,616,617,618,619",615,0.007912254024864198,0.006249257907347696,0.007912254024864198,tier0,0.0025447496931983588,0.0008663902803091783,0.0,0.7460115131486954,0.2539884868513045,0.0,compute,0.002206951029005523,0.6469834266977338,0.000738428863386042,0.21647568529025957,0.00023356326285756763,0.06847073549356697,0.00012288270928783804,0.03602394221351249,0.00010931410897056595,0.03204621030492708,tier0:cpu_times_idle_pct,0.00030703072882541773,tier1_alt:ecpu_usage_0,0.00017307769050627976,tier0:net_sent_Bps,0.00015667934638377375,tier1_alt:pcpu_usage_0,0.000139868787709561,tier0:net_sent_Pps,0.00013016425889169226,compute,0.002206951029005523,memory_io,0.000738428863386042,thermal_power,0.00023356326285756763,full
tier0_tier1,ALL,PY_STATS__TLB,PY_STATS,TLB,memory_pressure,1,peak_window,5,"884,885,886,887,888",884,0.020917492309492847,0.020875954645592228,0.020917492309492847,tier0,0.008367511846832832,0.00310945332229336,0.0,0.7290700741466047,0.2709299258533953,0.0,memory_io,0.003901699923824779,0.33995920230904025,0.005228434975442979,0.4555590174228132,0.0011045207958514226,0.09623805418723914,0.0006799738308111934,0.059246832310719984,0.0005623356431958155,0.04899689377018728,tier0:interrupts,0.0004776719011589539,tier0:swap_sin_bytes,0.0004653106400281676,tier0:mem_active_bytes,0.0004508780926696229,tier0:mem_wired_bytes,0.0004458067624318638,tier0:net_sent_Bps,0.0004284135328729097,memory_io,0.005228434975442979,compute,0.003901699923824779,thermal_power,0.0011045207958514226,full
tier0_tier1,ALL,VIDEO_SW__ATOMIC,VIDEO_SW,ATOMIC,synchronization,1,peak_window,5,"65,66,67,68,69",65,0.02161642661981281,0.02131283832278737,0.02161642661981281,tier0,0.00909748617525288,0.002953182050672042,0.0,0.7549362412684482,0.24506375873155173,0.0,memory_io,0.004270377097174944,0.35436848954051925,0.004526080203183042,0.3755874876254551,0.0015049567962562196,0.12488575471844507,0.0009368488489175061,0.07774248127602071,0.0008124052803932128,0.06741578683955995,tier0:pids_count,0.000538336511324865,tier0:cpu2_pct,0.0004439309461220808,tier0:cpu3_pct,0.00043882786857281115,tier0:cpu1_pct,0.000436425130974971,tier1_alt:temp_cpu_temp_avg,0.0004327534883488448,memory_io,0.004526080203183042,compute,0.004270377097174944,thermal_power,0.0015049567962562196,full
tier0_tier1,ALL,VIDEO_SW__BRANCH,VIDEO_SW,BRANCH,control_flow,1,post_persist,5,"774,775,776,777,778",808,0.02881919104080189,0.026132724676254597,0.02703148105662228,tier0,0.007110344656812553,0.0026467609578959593,0.0,0.7287350304063476,0.2712649695936523,0.0,memory_io,0.0037835866349533276,0.3877775627691983,0.004805335719742529,0.49249602387194047,0.000628712549188555,0.06443637837032241,0.00042171719289787844,0.0432215463838122,0.00011775351792622412,0.012068488604726651,tier1_alt:pcpu_usage_0,0.0006330738560100949,tier0:swap_total_bytes,0.0005912482243655842,tier0:mem_free_bytes,0.0005852566096177408,tier0:net_sent_Bps,0.0004031649146183429,tier0:disk_write_Bps,0.00035385942089531306,memory_io,0.004805335719742529,compute,0.0037835866349533276,thermal_power,0.000628712549188555,full
tier0_tier1,ALL,VIDEO_SW__CACHE,VIDEO_SW,CACHE,memory_pressure,1,peak_window,5,"128,129,130,131,132",128,0.019646792927269757,0.019623329871964447,0.019646792927269757,tier0,0.009358679351976842,0.0028600819784148014,0.0,0.7659270116602626,0.2340729883397378,0.0,memory_io,0.004098304176559797,0.33541077247872203,0.005834677501354103,0.4775179204819682,0.0009725282799293059,0.07959303350253213,0.0006923216335734178,0.05666054151098042,0.0006209297389750159,0.05081773202579723,tier0:mem_free_bytes,0.0005308947421184264,tier0:disk_write_IOPS,0.00042039011973924226,tier1_alt:memory_swap_total,0.00041854174611965215,tier1_alt:pcpu_usage_0,0.00040008390860079993,tier0:mem_used_bytes,0.0003996709600670938,memory_io,0.005834677501354103,compute,0.004098304176559797,thermal_power,0.0009725282799293059,full
tier0_tier1,ALL,VIDEO_SW__MEMBW,VIDEO_SW,MEMBW,memory_pressure,1,post_persist,5,"45,46,47,48,49",62,0.026466445960878632,0.02500882526625518,0.025174301943103834,tier0,0.00837618670729558,0.0028175985414376913,0.0,0.7482890301333465,0.25171096986665353,0.0,memory_io,0.003399802931313187,0.3037223652024163,0.00563367278547059,0.5032857661896021,0.000689886743679223,0.061631229146306254,0.00027383588266676053,0.024463206733195884,0.00119658690560351,0.10689743272847942,tier1_alt:pcpu_usage_0,0.0005947528214688876,tier0:mem_free_bytes,0.0005462044229022921,tier0:swap_sin_bytes,0.0005110246284985553,tier0:load15,0.00042154901531783143,tier0:load5,0.00040839961981557933,memory_io,0.00563367278547059,compute,0.003399802931313187,platform_pressure,0.00119658690560351,full
tier0_tier1,ALL,VIDEO_SW__NOMINAL,VIDEO_SW,NOMINAL,benign,0,peak_window,5,"614,615,616,617,618",614,0.02780923494149455,0.027568849847289745,0.02780923494149455,tier0,0.0024527725696721603,0.0007087459094149744,0.0,0.7758210448228603,0.22417895517713998,0.0,compute,0.0016295169625963634,0.5154222483200145,0.0010815402859443402,0.34209519669061916,0.00019330758896929235,0.06114390608436632,0.0001288627124205669,0.04075975303417334,0.00012829092915657108,0.04057889587082666,tier0:cpu_times_idle_pct,0.00023599852424564344,tier1_alt:ecpu_usage_0,0.00018366706236585533,tier0:net_sent_Bps,0.0001387763919642187,tier0:net_sent_Pps,0.00012037839057807018,tier1_alt:pcpu_usage_0,0.00011194498886207789,compute,0.0016295169625963634,memory_io,0.0010815402859443402,thermal_power,0.00019330758896929235,full
tier0_tier1,ALL,VIDEO_SW__TLB,VIDEO_SW,TLB,memory_pressure,1,peak_window,5,"623,624,625,626,627",623,0.01968084735509211,0.019637165326022825,0.01968084735509211,tier0,0.006323194304462126,0.002516857388279499,0.0,0.7152892906332171,0.28471070936678305,0.0,memory_io,0.0035317620605567097,0.3995182588645453,0.003905421828174076,0.4417872161743956,0.0008567790074649116,0.0969201354521936,0.00031473287722355695,0.03560305846197453,0.00023135591932237036,0.026171331046891018,tier1_alt:pcpu_usage_0,0.0005311770499502995,tier0:mem_free_bytes,0.00041187268224111135,tier0:swap_total_bytes,0.0004018178341075481,tier0:disk_write_Bps,0.0003397153845837808,tier0:disk_write_IOPS,0.0003304904671560689,memory_io,0.003905421828174076,compute,0.0035317620605567097,thermal_power,0.0008567790074649116,full
tier0_tier1_tier2,ALL,BROWSER__ATOMIC,BROWSER,ATOMIC,synchronization,1,peak_window,5,"849,850,851,852,853",849,0.004093841598306454,0.004082977042498319,0.004093841598306454,tier0,0.001532115325685543,0.0004626082514843804,0.0003201431053113949,0.6618589905329927,0.19984228680871943,0.13829872265828794,memory_io,0.0007722372036690143,0.3335989970883546,0.0008389018239087599,0.36239746774943277,0.0001130694802461541,0.048844921006402975,0.00034007883495974995,0.14691076489779428,0.0002505793396976392,0.1082478492580151,tier1_alt:memory_swap_total,0.0001733009241412617,tier0:net_sent_Pps,0.00010225427456897975,tier0:load15,9.058256403093006e-05,tier0:load5,8.395213696827702e-05,tier0:net_sent_Bps,8.15241043910682e-05,memory_io,0.0008389018239087599,compute,0.0007722372036690143,scheduler_runtime,0.00034007883495974995,full
tier0_tier1_tier2,ALL,BROWSER__BRANCH,BROWSER,BRANCH,control_flow,1,post_persist,5,"0,1,2,3,4",1,0.01524396168593451,0.015164095784442489,0.01524396168593451,tier0,0.004124468857068848,0.0013936515405784148,0.0008881736810016239,0.6438150990937206,0.21754410950680889,0.13864079139947058,memory_io,0.0019744873636596714,0.30821054098036327,0.0023118094241978793,0.3608653295987076,0.000346433247634132,0.05407701291589726,0.0009558387752903438,0.14920307490659782,0.000817725267866861,0.12764404159843418,tier1_alt:memory_swap_total,0.00047999386970848867,tier0:load15,0.0002950462988058773,tier0:load5,0.00027330465149985855,tier0:net_sent_Pps,0.0002721353426512005,tier0:load1,0.00024937431756112514,memory_io,0.0023118094241978793,compute,0.0019744873636596714,scheduler_runtime,0.0009558387752903438,full
tier0_tier1_tier2,ALL,BROWSER__CACHE,BROWSER,CACHE,memory_pressure,1,post_persist,5,"0,1,2,3,4",885,0.012651258009643788,0.009539972346583476,0.009660756363710636,tier0,0.004853555360491523,0.002626946457122515,0.0011413018533183337,0.5629396754712527,0.30468641567181903,0.13237390885692857,memory_io,0.0027305049739374154,0.31669765146045553,0.002907140665793996,0.3371847442542861,0.0009123960814564504,0.10582427021999019,0.0011456969546841194,0.13288367474044124,0.0009260649950603901,0.10740965932482717,tier1_alt:memory_swap_total,0.0007027885776075414,tier0:load15,0.0003368409777833751,tier0:pids_count,0.00033672886503692605,tier0:load5,0.0003083308600064221,tier1_alt:pcpu_usage_0,0.0002880185665655292,memory_io,0.002907140665793996,compute,0.0027305049739374154,scheduler_runtime,0.0011456969546841194,full
tier0_tier1_tier2,ALL,BROWSER__MEMBW,BROWSER,MEMBW,memory_pressure,1,post_persist,5,"0,1,2,3,4",853,0.007814263196124372,0.007585432192520296,0.007636203135871787,tier0,0.0036228840013607555,0.0012562360309044194,0.0005244519711975379,0.6704609467661654,0.23248251898917963,0.09705653424465502,memory_io,0.0017549282482324428,0.3247718818418356,0.002208146489250496,0.4086457046996826,0.00024766700466482384,0.04583394179000744,0.0005547934339627482,0.10267160937380419,0.000638036827352201,0.11807686229467004,tier1_alt:memory_swap_total,0.00046164673854897986,tier0:net_sent_Pps,0.0003608460922565271,tier0:load15,0.00023073451438299376,tier0:net_sent_Bps,0.0002214023764358624,tier0:load5,0.00021318773271977178,memory_io,0.002208146489250496,compute,0.0017549282482324428,platform_pressure,0.000638036827352201,full
tier0_tier1_tier2,ALL,BROWSER__NOMINAL,BROWSER,NOMINAL,benign,0,peak_window,4,"936,937,938,939",936,0.0037717882058536448,0.0037657291036065237,0.0037717882058536448,tier0,0.0005703384361146402,0.0001887902073485718,7.989721308206036e-05,0.6797626457699827,0.22501119110431736,0.09522616312570013,compute,0.0003950736576876587,0.4708718504986161,0.00023654206320674394,0.28192464077414353,6.262223106286895e-05,0.07463683100389645,7.379780017443507e-05,0.08795652672529179,7.099010441356573e-05,0.0846101509980524,tier0:cpu_times_idle_pct,6.679556978246699e-05,tier0:net_sent_Bps,3.810948823275389e-05,tier1_alt:ecpu_usage_0,3.416569532426914e-05,tier0:net_sent_Pps,3.182436714683959e-05,tier0:cpu3_pct,2.7245538591829604e-05,compute,0.0003950736576876587,memory_io,0.00023654206320674394,scheduler_runtime,7.379780017443507e-05,full
tier0_tier1_tier2,ALL,BROWSER__TLB,BROWSER,TLB,memory_pressure,1,post_persist,5,"0,1,2,3,4",14,0.01622311980846486,0.016120154182222273,0.01618599909385398,tier0,0.006373447564372907,0.0032195085308970584,0.0010688140428150538,0.597785122153989,0.3019675428376211,0.10024733500838963,memory_io,0.0035154442544158824,0.3297242586255285,0.003928276138545764,0.3684450225121181,0.0009963887167391732,0.09345434236853058,0.0010565363224008942,0.09909577009420131,0.0011651247059833063,0.1092806063996214,tier1_alt:memory_swap_total,0.000881474177778828,tier1_alt:pcpu_usage_0,0.00042689667621101444,tier0:load15,0.0004250893706854706,tier0:pids_count,0.00039742150288172787,tier0:load5,0.0003877046005508362,memory_io,0.003928276138545764,compute,0.0035154442544158824,platform_pressure,0.0011651247059833063,full
tier0_tier1_tier2,ALL,PY_AI__ATOMIC,PY_AI,ATOMIC,synchronization,1,post_persist,5,"290,291,292,293,294",836,0.006246234618783847,0.0053472457779496505,0.005359148763490496,tier0,0.00206035179572805,0.0009211130685247657,0.0003547505372428472,0.6175715737072526,0.27609520299912904,0.10633322329361844,compute,0.0011058505782089994,0.33146857895123744,0.001059877523474799,0.31768857700244535,0.00034736753701141164,0.10412023661772045,0.0003944001023706388,0.11821781716906674,0.00042871966042981363,0.12850479025952996,tier1_alt:memory_swap_total,0.00021849083805457013,tier0:pids_count,0.0001571699190541853,tier0:load15,0.00015680932413624863,tier0:load5,0.00014265456346792602,tier0:load1,0.000129255772825639,compute,0.0011058505782089994,memory_io,0.001059877523474799,platform_pressure,0.00042871966042981363,full
tier0_tier1_tier2,ALL,PY_AI__BRANCH,PY_AI,BRANCH,control_flow,1,post_persist,5,"0,1,2,3,4",1,0.009504945214746619,0.009483693949882308,0.009504945214746619,tier0,0.0024887551020128665,0.0007275312053842999,0.0003259512016139266,0.7025940794996739,0.20538747148759343,0.09201844901273272,memory_io,0.0008955548100545174,0.2528217850373717,0.0016860743036020793,0.47599131885224444,0.0003055952736465807,0.0862718191169218,0.0005274777922244949,0.1489109047269261,0.00012753532948341992,0.03600417226653577,tier0:mem_used_bytes,0.00020506381963121827,tier0:interrupts,0.00017298593365994296,tier0:mem_wired_bytes,0.00015864221130453134,tier0:mem_active_bytes,0.00012866138416158895,tier1_alt:memory_swap_total,0.00011772393829243673,memory_io,0.0016860743036020793,compute,0.0008955548100545174,scheduler_runtime,0.0005274777922244949,full
tier0_tier1_tier2,ALL,PY_AI__CACHE,PY_AI,CACHE,memory_pressure,1,post_persist,5,"0,1,2,3,4",491,0.040616740346707814,0.03327813584519093,0.033478863966617284,tier2,0.005193993941463632,0.002038978803951728,0.026335835161137387,0.15472679148817037,0.06074028037062681,0.7845329281412028,compute,0.027925778622937613,0.8318966434755761,0.0030762405509713892,0.09163985088582477,0.0006301052543925298,0.018770557958048044,0.001265438163012285,0.03769684543266927,0.0006712453152389297,0.019996102247881738,tier2:first_sample_time_ns,0.01321781653392318,tier2:last_sample_time_ns,0.012218150428877741,tier1_alt:memory_swap_total,0.0005901451406134034,tier0:swap_total_bytes,0.0005620349882012601,tier0:pids_count,0.00037511265587999656,compute,0.027925778622937613,memory_io,0.0030762405509713892,scheduler_runtime,0.001265438163012285,full
tier0_tier1_tier2,ALL,PY_AI__MEMBW,PY_AI,MEMBW,memory_pressure,1,post_persist,5,"0,1,2,3,4",467,0.010360610973125614,0.007804724934993434,0.007823507943991963,tier0,0.0028939172785592943,0.0011825942714209783,0.0003809875734731205,0.6492244189870457,0.26530443162595124,0.08547114938700315,memory_io,0.0011709372857929327,0.26268929131852825,0.0018819512875130557,0.42219891364892453,0.0006194884049307763,0.13897667453736598,0.0006143226272163827,0.13781777857994143,0.00017079951800024525,0.03831734191523978,tier0:mem_used_bytes,0.00021598933732030402,tier0:interrupts,0.00019090308934698513,tier0:mem_wired_bytes,0.00018020277401483104,tier0:mem_active_bytes,0.00015197048179835037,tier0:pids_count,0.00014559929455580276,memory_io,0.0018819512875130557,compute,0.0011709372857929327,thermal_power,0.0006194884049307763,full
tier0_tier1_tier2,ALL,PY_AI__NOMINAL,PY_AI,NOMINAL,benign,0,peak_window,5,"219,220,221,222,223",219,0.0017173814094746341,0.0017041208384856823,0.0017173814094746341,tier0,0.0006254173078417221,0.00033108507653768803,0.0002028634970066173,0.5394477428420033,0.28557427974495353,0.17497797741304327,compute,0.000535610970649911,0.46198614194993004,0.0002751335963488607,0.23731386335083207,0.00015532324571309035,0.13397258639990395,0.00015824149294486683,0.13648969275832784,3.5056575729298604e-05,0.030237715541006176,tier0:cpu_times_idle_pct,6.776952226157343e-05,tier0:cpu_pct,3.5889236103476364e-05,tier2:avg_core_id,3.479854630181109e-05,tier0:cpu_times_user_pct,3.447827207931639e-05,tier2:max_core_id,3.270389622837398e-05,compute,0.000535610970649911,memory_io,0.0002751335963488607,scheduler_runtime,0.00015824149294486683,full
tier0_tier1_tier2,ALL,PY_AI__TLB,PY_AI,TLB,memory_pressure,1,post_persist,5,"914,915,916,917,918",939,0.0064597169499682385,0.00555990125845033,0.005674590383514206,tier0,0.001300555284280864,0.0008448347092056996,0.00025459295586745614,0.5419018850241923,0.35201696305096486,0.10608115192484284,compute,0.000835529670376797,0.3481398359941218,0.0008179098107855472,0.3407981756727464,0.00042105123510489815,0.17543926102401206,0.00022051723922013046,0.09188283578409795,0.00010497499386664651,0.04373989152502172,tier1_alt:all_power,8.453065116048956e-05,tier1_alt:memory_swap_total,8.323902806486996e-05,tier1_alt:sys_power,7.939110999250612e-05,tier1_alt:ram_power,7.231488834472981e-05,tier1_alt:ecpu_usage_0,7.004515291788362e-05,compute,0.000835529670376797,memory_io,0.0008179098107855472,thermal_power,0.00042105123510489815,full
tier0_tier1_tier2,ALL,PY_STATS__ATOMIC,PY_STATS,ATOMIC,synchronization,1,post_persist,5,"0,1,2,3,4",550,0.008430693075852494,0.006862063016439167,0.006884145831424056,tier0,0.0027308992860495904,0.001502751099730091,0.0006573057649822227,0.5583569351003437,0.30725098598481515,0.13439207891484142,compute,0.001499342897550371,0.30655414837788036,0.0014085168012858316,0.2879839356291133,0.0007654646784837761,0.15650614213021183,0.0006924108146907157,0.14156962224714556,0.0005252209587512094,0.10738615161564913,tier1_alt:memory_swap_total,0.0002624244483479356,tier0:load15,0.00019363815080166547,tier0:swap_sin_bytes,0.00018772231217638254,tier0:pids_count,0.00018458249683446173,tier0:load5,0.00017447737545193547,compute,0.001499342897550371,memory_io,0.0014085168012858316,thermal_power,0.0007654646784837761,full
tier0_tier1_tier2,ALL,PY_STATS__BRANCH,PY_STATS,BRANCH,control_flow,1,post_persist,5,"642,643,644,645,646",939,0.006140071225555697,0.005334088645476201,0.005337249274768191,tier0,0.001905791738426474,0.0007946515674645419,0.0003953595680440585,0.615605003300492,0.2566867464834608,0.12770825021604718,compute,0.0010623803367717916,0.34316795352715723,0.0009823019914014651,0.31730120792635,0.0003346835009993507,0.1081087894249334,0.00046812723390914806,0.1512135148689592,0.0002483098108533195,0.08020853425260016,tier0:swap_sin_bytes,0.00011731907573563717,tier0:load15,9.11278089442278e-05,tier0:interrupts,8.697995262686184e-05,tier1_alt:ecpu_usage_0,8.540061453056435e-05,tier0:mem_active_bytes,8.463755776555047e-05,compute,0.0010623803367717916,memory_io,0.0009823019914014651,scheduler_runtime,0.00046812723390914806,full
tier0_tier1_tier2,ALL,PY_STATS__CACHE,PY_STATS,CACHE,memory_pressure,1,post_persist,5,"0,1,2,3,4",2,0.00535158553428599,0.005342605244549589,0.00535158553428599,tier0,0.0015733690706295196,0.0006875471561393154,0.0002679207830662583,0.6221710076649501,0.2718827482614827,0.10594624407356705,compute,0.0009526536498968916,0.3767161134513033,0.0008974546519014653,0.35488829387228427,0.0001921747345655352,0.07599332571380983,0.00028288073209840973,0.11186198675447909,0.00020367324137279146,0.08054028020812344,tier1_alt:memory_swap_total,0.00012668883179919302,tier0:load15,7.380190755900806e-05,tier1_alt:memory_swap_usage,7.24960566853828e-05,tier1_alt:pcpu_usage_0,6.940083918589923e-05,tier0:net_sent_Bps,6.890945699639048e-05,compute,0.0009526536498968916,memory_io,0.0008974546519014653,scheduler_runtime,0.00028288073209840973,full
tier0_tier1_tier2,ALL,PY_STATS__MEMBW,PY_STATS,MEMBW,memory_pressure,1,post_persist,5,"0,1,2,3,4",939,0.007701101083456562,0.005517156665015871,0.0055327209220558315,tier0,0.0024367746010772974,0.0010492343391068067,0.0004697851820795427,0.6160013705877312,0.2652398751496191,0.11875875426264976,compute,0.0013390452630041082,0.3385022631657733,0.0010494393692150226,0.26529170547796255,0.000516846057829587,0.13065544916018765,0.0005444977253090185,0.13764561766360012,0.0005059657069059105,0.12790496453247643,tier0:load15,0.00018316745316623664,tier0:load5,0.0001692285038869143,tier0:swap_sin_bytes,0.00016219394059829,tier0:pids_count,0.00016205863525456328,tier0:load1,0.00015356974985275958,compute,0.0013390452630041082,memory_io,0.0010494393692150226,scheduler_runtime,0.0005444977253090185,full
tier0_tier1_tier2,ALL,PY_STATS__NOMINAL,PY_STATS,NOMINAL,benign,0,peak_window,5,"615,616,617,618,619",615,0.0017153326134895786,0.001373562362168676,0.0017153326134895786,tier0,0.0005221286035296916,0.00018214054856181993,6.214808232399742e-05,0.6812589541098738,0.23765194776801354,0.08108909812211265,compute,0.00045943358089563864,0.599456223405539,0.0001550674437309719,0.20232770972227765,4.798132345965111e-05,0.06260470316307931,8.16473525646057e-05,0.10653120636942909,2.2287533764641392e-05,0.029080157339674756,tier0:cpu_times_idle_pct,6.251225016460133e-05,tier1_alt:ecpu_usage_0,3.54228300000804e-05,tier0:net_sent_Bps,3.277055264191435e-05,tier1_alt:pcpu_usage_0,3.0086926194668425e-05,tier2:avg_core_id,2.764515790257109e-05,compute,0.00045943358089563864,memory_io,0.0001550674437309719,scheduler_runtime,8.16473525646057e-05,full
tier0_tier1_tier2,ALL,PY_STATS__TLB,PY_STATS,TLB,memory_pressure,1,post_persist,5,"771,772,773,774,775",939,0.005751700656478909,0.005344504671204541,0.005363896182156617,tier0,0.0018521103571377583,0.0008847041155207762,0.00041679734120189107,0.5872981414508774,0.28053678377041114,0.13216507477871148,compute,0.0012335469362456226,0.3911537021849252,0.0007491881848446333,0.23756512502644733,0.0003507517750272252,0.11122224158523177,0.0004312943198377648,0.13676201932723142,0.00038883059790517974,0.12329691187616437,tier1_alt:memory_swap_total,0.00014744588269153546,tier0:load15,0.00014136534641135082,tier0:load5,0.00012977433541444192,tier0:pids_count,0.00012144950091496091,tier0:load1,0.000117690916079387,compute,0.0012335469362456226,memory_io,0.0007491881848446333,scheduler_runtime,0.0004312943198377648,full
tier0_tier1_tier2,ALL,VIDEO_SW__ATOMIC,VIDEO_SW,ATOMIC,synchronization,1,post_persist,5,"0,1,2,3,4",476,0.008626028436869848,0.005990723038139533,0.0060387650794002205,tier0,0.003957954534748207,0.0018582563459633172,0.0006419471546765391,0.6128612079574756,0.2877378249000462,0.09940096714247795,compute,0.0023577015629681645,0.36507337696738357,0.002064542292017324,0.3196797416081298,0.0006558752403387911,0.10155763249286608,0.0006487378952696418,0.10045246519438257,0.0007313010447941434,0.11323678373723788,tier1_alt:memory_swap_total,0.0004998490133747788,tier0:pids_count,0.0002765285957148163,tier0:load15,0.00026379082652059125,tier0:load5,0.00024416734712309155,tier0:load1,0.0002233428711504606,compute,0.0023577015629681645,memory_io,0.002064542292017324,platform_pressure,0.0007313010447941434,full
tier0_tier1_tier2,ALL,VIDEO_SW__BRANCH,VIDEO_SW,BRANCH,control_flow,1,post_persist,5,"755,756,757,758,759",808,0.0076021376070375506,0.005759689449408299,0.0060363915351697465,tier0,0.001488047046106847,0.00046861787350936,0.00048630985724974914,0.6091127342771149,0.19182264096502077,0.19906462475786446,memory_io,0.0007324152264637397,0.2998046616769989,0.0009239299188322221,0.37819871395377797,0.00012815238154558292,0.052457513175795896,0.00042521354777536784,0.1740556438821959,0.00023326370224904303,0.0954834673112313,tier2:unique_process_count,0.00011821386000266579,tier0:mem_free_bytes,0.00010689708565649213,tier0:swap_total_bytes,0.00010636154436695751,tier1_alt:memory_swap_total,0.00010305717937191435,tier2:unique_thread_count,9.467997571582464e-05,memory_io,0.0009239299188322221,compute,0.0007324152264637397,scheduler_runtime,0.00042521354777536784,full
tier0_tier1_tier2,ALL,VIDEO_SW__CACHE,VIDEO_SW,CACHE,memory_pressure,1,post_persist,5,"756,757,758,759,760",939,0.0063695400479053714,0.005348737102366263,0.005366599700722101,tier0,0.0021698840397939706,0.0005876172873099034,0.00024238785878304806,0.723321398004387,0.1958796645137322,0.08079893748188093,memory_io,0.0009175441900075898,0.30585936118047524,0.001358447880383547,0.4528326868787054,0.00019277307942678948,0.06426006678303213,0.00027843099238687274,0.09281375915375828,0.0002526930436821226,0.0842341260040289,tier1_alt:memory_swap_total,0.00012166548222439379,tier0:mem_free_bytes,0.00010630224736765538,tier0:mem_used_bytes,0.00010620327387317666,tier0:interrupts,0.00010573764097911009,tier0:mem_wired_bytes,9.748367804482072e-05,memory_io,0.001358447880383547,compute,0.0009175441900075898,scheduler_runtime,0.00027843099238687274,full
tier0_tier1_tier2,ALL,VIDEO_SW__MEMBW,VIDEO_SW,MEMBW,memory_pressure,1,post_persist,5,"40,41,42,43,44",939,0.009007323195853425,0.005414016455562853,0.00547660440221063,tier0,0.0029311605405885634,0.0008317834951140481,0.0005128999971875402,0.6855162438203616,0.19453083150739353,0.11995292467224489,memory_io,0.0013165330630903471,0.30790016028729394,0.0015250206835811077,0.35665956752643935,0.00029453182560427646,0.06888273364012179,0.00048254694669848267,0.11285419743720562,0.0006572115139159378,0.15370334110893935,tier0:load15,0.00023770795655370452,tier1_alt:memory_swap_total,0.00022133869643704965,tier0:load5,0.0002204270541580958,tier0:load1,0.00019907650320413745,tier0:swap_sin_bytes,0.00012435497315660705,memory_io,0.0015250206835811077,compute,0.0013165330630903471,platform_pressure,0.0006572115139159378,full
tier0_tier1_tier2,ALL,VIDEO_SW__NOMINAL,VIDEO_SW,NOMINAL,benign,0,peak_window,5,"615,616,617,618,619",615,0.00592383824321988,0.005832563945480739,0.00592383824321988,tier0,0.0005131828835285644,0.00015210785608367084,0.00015643389237364764,0.6245192897386345,0.18510806438413305,0.19037264587723246,compute,0.00034594680093184035,0.42100088942908026,0.00023798085930154157,0.28961144650904175,4.0434264570183246e-05,0.04920658697119098,0.00016969214666057844,0.2065073140748855,2.7670560521739285e-05,0.03367376301580145,tier0:cpu_times_idle_pct,4.815775278145383e-05,tier2:max_core_id,4.322766591877233e-05,tier1_alt:ecpu_usage_0,3.802509775207921e-05,tier2:avg_core_id,3.379248290578809e-05,tier0:net_sent_Bps,3.278185145659161e-05,compute,0.00034594680093184035,memory_io,0.00023798085930154157,scheduler_runtime,0.00016969214666057844,full
tier0_tier1_tier2,ALL,VIDEO_SW__TLB,VIDEO_SW,TLB,memory_pressure,1,post_persist,5,"572,573,574,575,576",630,0.00663797774289205,0.005702941545197619,0.005791284419833666,tier0,0.0019634050392697143,0.0005530799824875794,0.0006023325858774484,0.6295350630519004,0.1773364306824681,0.19312850626563158,memory_io,0.0008111640356096992,0.2600870386341291,0.0012835882658092524,0.41156246606633207,0.00013643716703937194,0.04374643990253844,0.0005669161142330963,0.18177276954102994,0.0003207120249433224,0.10283128585597057,tier1_alt:memory_swap_total,0.00020143765496330687,tier2:unique_process_count,0.0001357912330720736,tier0:load15,0.00011642253083270949,tier2:unique_thread_count,0.00011223665523693927,tier0:load5,0.00010735836984112894,memory_io,0.0012835882658092524,compute,0.0008111640356096992,scheduler_runtime,0.0005669161142330963,full
