config,holdout_workload,case_id,true_stressor,pred_stressor,is_correct,top2_hit,nearest_distance,margin_to_second
tier0,BROWSER,BROWSER__ATOMIC,ATOMIC,CACHE,0,0,0.1215261703231298,0.035446390867598945
tier0,BROWSER,BROWSER__BRANCH,BRANCH,ATOMIC,0,0,0.16479718293042758,0.0065947956204455704
tier0,BROWSER,BROWSER__CACHE,CACHE,BRANCH,0,0,0.13525987867553088,0.00523637384068712
tier0,BROWSER,BROWSER__MEMBW,MEMBW,MEMBW,1,1,0.19120228594673686,0.01570569729769719
tier0,BROWSER,BROWSER__TLB,TLB,BRANCH,0,0,0.17308453599339077,0.0023934836557945316
tier0,PY_AI,PY_AI__ATOMIC,ATOMIC,ATOMIC,1,1,0.09827107856569173,0.03927954317180071
tier0,PY_AI,PY_AI__BRANCH,BRANCH,MEMBW,0,0,0.1604097172334237,0.007169604607938335
tier0,PY_AI,PY_AI__CACHE,CACHE,CACHE,1,1,0.18006844175383463,0.016504311163668572
tier0,PY_AI,PY_AI__MEMBW,MEMBW,MEMBW,1,1,0.14026535383703534,0.01540299358186109
tier0,PY_AI,PY_AI__TLB,TLB,CACHE,0,1,0.17545756792105371,0.00655154524148846
tier0,PY_STATS,PY_STATS__ATOMIC,ATOMIC,ATOMIC,1,1,0.19830236250187216,0.05575037888665596
tier0,PY_STATS,PY_STATS__BRANCH,BRANCH,ATOMIC,0,1,0.19120231474089408,0.036244611136755644
tier0,PY_STATS,PY_STATS__CACHE,CACHE,ATOMIC,0,0,0.16192206290405967,0.04528045840709319
tier0,PY_STATS,PY_STATS__MEMBW,MEMBW,ATOMIC,0,0,0.19683325004520502,0.03310533889295586
tier0,PY_STATS,PY_STATS__TLB,TLB,ATOMIC,0,0,0.18289449902402877,0.017158717686015512
tier0,VIDEO_SW,VIDEO_SW__ATOMIC,ATOMIC,ATOMIC,1,1,0.12675766238268932,0.0553952522190245
tier0,VIDEO_SW,VIDEO_SW__BRANCH,BRANCH,CACHE,0,0,0.14456053891430234,0.0003551133868890388
tier0,VIDEO_SW,VIDEO_SW__CACHE,CACHE,CACHE,1,1,0.21479759551852054,0.021669553403224656
tier0,VIDEO_SW,VIDEO_SW__MEMBW,MEMBW,MEMBW,1,1,0.1826514373149554,0.02188248001570292
tier0,VIDEO_SW,VIDEO_SW__TLB,TLB,CACHE,0,0,0.26415492244257355,0.014703222761900281
tier0_tier1,BROWSER,BROWSER__ATOMIC,ATOMIC,MEMBW,0,0,0.16535355022550666,0.007619554248986582
tier0_tier1,BROWSER,BROWSER__BRANCH,BRANCH,ATOMIC,0,0,0.1782467634420478,0.0021659083284979175
tier0_tier1,BROWSER,BROWSER__CACHE,CACHE,ATOMIC,0,0,0.1979442912492911,0.06345838643232118
tier0_tier1,BROWSER,BROWSER__MEMBW,MEMBW,MEMBW,1,1,0.19733004810878813,0.01648259623943915
tier0_tier1,BROWSER,BROWSER__TLB,TLB,ATOMIC,0,0,0.1936417283572771,0.04771497988941914
tier0_tier1,PY_AI,PY_AI__ATOMIC,ATOMIC,ATOMIC,1,1,0.11512798491409994,0.025155014041329346
tier0_tier1,PY_AI,PY_AI__BRANCH,BRANCH,MEMBW,0,0,0.1669223771169006,0.027112290644289216
tier0_tier1,PY_AI,PY_AI__CACHE,CACHE,TLB,0,1,0.9998302341583027,5.99185536964697e-07
tier0_tier1,PY_AI,PY_AI__MEMBW,MEMBW,MEMBW,1,1,0.15881370998242397,0.023683333509787158
tier0_tier1,PY_AI,PY_AI__TLB,TLB,CACHE,0,1,0.2111781979261161,0.005675472046724139
tier0_tier1,PY_STATS,PY_STATS__ATOMIC,ATOMIC,ATOMIC,1,1,0.2176052774394175,0.0386840210852199
tier0_tier1,PY_STATS,PY_STATS__BRANCH,BRANCH,ATOMIC,0,1,0.20960275927754876,0.030119138792649408
tier0_tier1,PY_STATS,PY_STATS__CACHE,CACHE,ATOMIC,0,0,0.1705756896277382,0.029567781178469726
tier0_tier1,PY_STATS,PY_STATS__MEMBW,MEMBW,ATOMIC,0,0,0.2166332408621195,0.024800766812415803
tier0_tier1,PY_STATS,PY_STATS__TLB,TLB,ATOMIC,0,0,0.2009316938216555,0.02174314201944136
tier0_tier1,VIDEO_SW,VIDEO_SW__ATOMIC,ATOMIC,ATOMIC,1,1,0.18958922221388183,0.008519384859685397
tier0_tier1,VIDEO_SW,VIDEO_SW__BRANCH,BRANCH,MEMBW,0,1,0.17061647381076242,0.013362277022799934
tier0_tier1,VIDEO_SW,VIDEO_SW__CACHE,CACHE,MEMBW,0,0,0.23538975809995574,0.0227057578285009
tier0_tier1,VIDEO_SW,VIDEO_SW__MEMBW,MEMBW,MEMBW,1,1,0.1781448553712202,0.03771930908464441
tier0_tier1,VIDEO_SW,VIDEO_SW__TLB,TLB,MEMBW,0,1,0.2613411759131212,0.027593621248096167
tier0_tier1_tier2,BROWSER,BROWSER__ATOMIC,ATOMIC,TLB,0,0,0.1867419902381734,0.0011737232562459565
tier0_tier1_tier2,BROWSER,BROWSER__BRANCH,BRANCH,MEMBW,0,1,0.18926037335874,0.0017344477801327363
tier0_tier1_tier2,BROWSER,BROWSER__CACHE,CACHE,ATOMIC,0,0,0.21438320254388687,0.047898703808199716
tier0_tier1_tier2,BROWSER,BROWSER__MEMBW,MEMBW,MEMBW,1,1,0.20207235189931652,0.013912718734483936
tier0_tier1_tier2,BROWSER,BROWSER__TLB,TLB,ATOMIC,0,0,0.1948578604244114,0.05212961943340816
tier0_tier1_tier2,PY_AI,PY_AI__ATOMIC,ATOMIC,ATOMIC,1,1,0.13069588268164717,0.036622910707830275
tier0_tier1_tier2,PY_AI,PY_AI__BRANCH,BRANCH,MEMBW,0,0,0.19821713431335186,0.012732380901089302
tier0_tier1_tier2,PY_AI,PY_AI__CACHE,CACHE,CACHE,1,1,0.9998179528612957,1.0968293195912082e-06
tier0_tier1_tier2,PY_AI,PY_AI__MEMBW,MEMBW,MEMBW,1,1,0.1721486636835424,0.024430796731407467
tier0_tier1_tier2,PY_AI,PY_AI__TLB,TLB,CACHE,0,1,0.22144967405473484,0.000948483317738974
tier0_tier1_tier2,PY_STATS,PY_STATS__ATOMIC,ATOMIC,ATOMIC,1,1,0.20803591910112487,0.04839852353228938
tier0_tier1_tier2,PY_STATS,PY_STATS__BRANCH,BRANCH,ATOMIC,0,0,0.19880331202823395,0.03483034911327887
tier0_tier1_tier2,PY_STATS,PY_STATS__CACHE,CACHE,ATOMIC,0,0,0.19374628414619163,0.00538746513099983
tier0_tier1_tier2,PY_STATS,PY_STATS__MEMBW,MEMBW,ATOMIC,0,1,0.22677583599324308,0.015265347483078034
tier0_tier1_tier2,PY_STATS,PY_STATS__TLB,TLB,ATOMIC,0,0,0.1942721343073698,0.019848845713240082
tier0_tier1_tier2,VIDEO_SW,VIDEO_SW__ATOMIC,ATOMIC,ATOMIC,1,1,0.19972787467866845,0.006856764587378772
tier0_tier1_tier2,VIDEO_SW,VIDEO_SW__BRANCH,BRANCH,BRANCH,1,1,0.2169144612452187,0.019542217878220247
tier0_tier1_tier2,VIDEO_SW,VIDEO_SW__CACHE,CACHE,MEMBW,0,0,0.23134083236681563,0.01757536027890169
tier0_tier1_tier2,VIDEO_SW,VIDEO_SW__MEMBW,MEMBW,MEMBW,1,1,0.21783309899841977,0.014259734193564744
tier0_tier1_tier2,VIDEO_SW,VIDEO_SW__TLB,TLB,BRANCH,0,0,0.31665574329162427,0.00387368148724182
