config,holdout_workload,case_id,workload,stressor,label,dominant_tier,tier0_contrib,tier1_alt_contrib,tier2_contrib,tier0_share,tier1_alt_share,tier2_share,dominant_mechanism,compute_contrib,compute_share,memory_io_contrib,memory_io_share,thermal_power_contrib,thermal_power_share,scheduler_runtime_contrib,scheduler_runtime_share,platform_pressure_contrib,platform_pressure_share,top_feature_1,top_feature_score_1,top_feature_2,top_feature_score_2,top_feature_3,top_feature_score_3,top_feature_4,top_feature_score_4,top_feature_5,top_feature_score_5,top_mechanism_1,top_mechanism_score_1,top_mechanism_2,top_mechanism_score_2,top_mechanism_3,top_mechanism_score_3,feature_profile
tier0,ALL,BROWSER__ATOMIC,BROWSER,ATOMIC,1,tier0,0.004832292861445653,0.0,0.0,0.9999999999999998,0.0,0.0,memory_io,0.0011329383184033454,0.23445150177930435,0.002600167305510945,0.5380814822413444,0.0,0.0,0.0007013763731813547,0.14514359814101319,0.0003978108643500085,0.082323417838338,tier0:mem_free_bytes,0.0003398626232876203,tier0:ctx_switches,0.00028451264183635447,tier0:uptime_s,0.000248526419102068,tier0:cpu_times_idle_pct,0.00024717541532049705,tier0:net_sent_Pps,0.00023700294213530837,memory_io,0.002600167305510945,compute,0.0011329383184033454,scheduler_runtime,0.0007013763731813547,mixed
tier0,ALL,BROWSER__BRANCH,BROWSER,BRANCH,1,tier0,0.012285397465975876,0.0,0.0,1.0,0.0,0.0,memory_io,0.001726266971197537,0.14051372582599736,0.00703541330752864,0.5726646880585715,0.0,0.0,0.001570574858674852,0.1278407852106147,0.001953142328574844,0.1589808009048162,tier0:uptime_s,0.0011843869161233282,tier0:net_sent_Pps,0.0007494340959640187,tier0:mem_percent,0.0006580596050427435,tier0:mem_available_bytes,0.0006543935518840727,tier0:mem_inactive_bytes,0.0006369756999111088,memory_io,0.00703541330752864,platform_pressure,0.001953142328574844,compute,0.001726266971197537,mixed
tier0,ALL,BROWSER__CACHE,BROWSER,CACHE,1,tier0,0.0074733834868003605,0.0,0.0,1.0000000000000002,0.0,0.0,memory_io,0.0015369629273348467,0.20565824436140093,0.0036538215646804606,0.48891129046621445,0.0,0.0,0.0011936512051353436,0.15972032042027476,0.0010889477896497087,0.14571014475211,tier0:uptime_s,0.0008065315381771619,tier0:soft_interrupts,0.0003730633709207669,tier0:cpu_times_idle_pct,0.0003149392577743945,tier0:mem_available_bytes,0.00029054788037534456,tier0:mem_percent,0.0002895164938734229,memory_io,0.0036538215646804606,compute,0.0015369629273348467,scheduler_runtime,0.0011936512051353436,mixed
tier0,ALL,BROWSER__MEMBW,BROWSER,MEMBW,1,tier0,0.00907220372311765,0.0,0.0,1.0,0.0,0.0,memory_io,0.0015122969361279683,0.16669565436172432,0.005805157124096716,0.6398839026623822,0.0,0.0,0.0010193061683593167,0.11235485880480577,0.0007354434945336497,0.08106558417108778,tier0:net_sent_Pps,0.0010920278610690771,tier0:net_recv_Pps,0.0004650087125938015,tier0:mem_percent,0.0004334965073830122,tier0:mem_inactive_bytes,0.0004321704026565712,tier0:mem_available_bytes,0.00043197751912072243,memory_io,0.005805157124096716,compute,0.0015122969361279683,scheduler_runtime,0.0010193061683593167,mixed
tier0,ALL,BROWSER__NOMINAL,BROWSER,NOMINAL,0,tier0,0.0027104703073288815,0.0,0.0,1.0,0.0,0.0,memory_io,0.0009342259867440379,0.3446730201094512,0.0010459020548298757,0.3858747509617963,0.0,0.0,0.00036556470250815004,0.13487131791102605,0.00036477756324681767,0.13458091101772637,tier0:cpu_times_idle_pct,0.00029156761408585444,tier0:mem_free_bytes,0.00015433398314252677,tier0:ctx_switches,0.00013241110622675472,tier0:net_sent_Bps,0.00013111827863874993,tier0:net_sent_Pps,0.00012200243729010745,memory_io,0.0010459020548298757,compute,0.0009342259867440379,scheduler_runtime,0.00036556470250815004,mixed
tier0,ALL,BROWSER__TLB,BROWSER,TLB,1,tier0,0.008340856193609305,0.0,0.0,1.0,0.0,0.0,memory_io,0.0013407872151612078,0.16074935043101546,0.005008280138665573,0.6004515630545071,0.0,0.0,0.0013592550353957364,0.16296349005959201,0.0006325338043867885,0.07583559645488562,tier0:uptime_s,0.0005092246809903005,tier0:soft_interrupts,0.00041507489587210125,tier0:syscalls,0.00040721647230852244,tier0:mem_inactive_bytes,0.0004027063679906446,tier0:mem_percent,0.0003979872407047012,memory_io,0.005008280138665573,scheduler_runtime,0.0013592550353957364,compute,0.0013407872151612078,mixed
tier0,ALL,PY_AI__ATOMIC,PY_AI,ATOMIC,1,tier0,0.005982083991063814,0.0,0.0,1.0,0.0,0.0,memory_io,0.0012186225169240165,0.20371203726735115,0.003285189497545656,0.5491714095711718,0.0,0.0,0.001004346627578436,0.167892431647358,0.0004739253490157062,0.0792241215141191,tier0:mem_inactive_bytes,0.0004005254565408801,tier0:syscalls,0.00039674802729165363,tier0:mem_percent,0.0003361000333547666,tier0:mem_available_bytes,0.000335634502244201,tier0:cpu_times_idle_pct,0.0002906038732612274,memory_io,0.003285189497545656,compute,0.0012186225169240165,scheduler_runtime,0.001004346627578436,mixed
tier0,ALL,PY_AI__BRANCH,PY_AI,BRANCH,1,tier0,0.008690059605535162,0.0,0.0,1.0,0.0,0.0,memory_io,0.0017072083491475485,0.19645530947338227,0.004744726225533639,0.5459946698767716,0.0,0.0,0.0011442398409242326,0.1316722661137336,0.0010938851899297427,0.1258777545361126,tier0:uptime_s,0.0007467971760338781,tier0:soft_interrupts,0.0004459481615801538,tier0:swap_percent,0.0003704998991047845,tier0:swap_free_bytes,0.0003638013800780518,tier0:swap_used_bytes,0.00033949681405042576,memory_io,0.004744726225533639,compute,0.0017072083491475485,scheduler_runtime,0.0011442398409242326,mixed
tier0,ALL,PY_AI__CACHE,PY_AI,CACHE,1,tier0,0.005447402361271914,0.0,0.0,1.0,0.0,0.0,memory_io,0.0017501543919434767,0.32128237935683407,0.002230430437363065,0.4094484470653792,0.0,0.0,0.000629967790511981,0.11564554052234353,0.0008368497414533932,0.15362363305544355,tier0:uptime_s,0.0005508087823613184,tier0:cpu_times_idle_pct,0.00026331564978374566,tier0:net_sent_Bps,0.00021207872688140068,tier0:cpu_times_user_pct,0.00019561304566052988,tier0:cpu_pct,0.00018940477355768254,memory_io,0.002230430437363065,compute,0.0017501543919434767,platform_pressure,0.0008368497414533932,mixed
tier0,ALL,PY_AI__MEMBW,PY_AI,MEMBW,1,tier0,0.009124445032520363,0.0,0.0,1.0,0.0,0.0,memory_io,0.0016110024695419323,0.17655895386515794,0.0054547167262423615,0.597813533513682,0.0,0.0,0.0012735274556901596,0.13957314128707998,0.0007851983810459101,0.08605437133408012,tier0:uptime_s,0.0006388995538676242,tier0:swap_percent,0.00043622275720698613,tier0:swap_free_bytes,0.0004251088905305923,tier0:soft_interrupts,0.0003913641928631642,tier0:swap_used_bytes,0.00038373316831826935,memory_io,0.0054547167262423615,compute,0.0016110024695419323,scheduler_runtime,0.0012735274556901596,mixed
tier0,ALL,PY_AI__NOMINAL,PY_AI,NOMINAL,0,tier0,0.0034257057528336763,0.0,0.0,1.0,0.0,0.0,memory_io,0.001226512207467048,0.3580319782142705,0.0014518325406717681,0.4238053835974794,0.0,0.0,0.0004853956346879965,0.14169215621817105,0.0002619653700068642,0.07647048197007919,tier0:cpu_times_idle_pct,0.00029685934882951466,tier0:cpu_pct,0.0001504605279813866,tier0:cpu_times_user_pct,0.00014559208590545647,tier0:net_sent_Bps,0.00013150227755115087,tier0:net_sent_Pps,0.00011963695420024393,memory_io,0.0014518325406717681,compute,0.001226512207467048,scheduler_runtime,0.0004853956346879965,mixed
tier0,ALL,PY_AI__TLB,PY_AI,TLB,1,tier0,0.006446435398846172,0.0,0.0,0.9999999999999998,0.0,0.0,memory_io,0.0015771035426060992,0.24464738185205112,0.003356201748151712,0.5206290826636419,0.0,0.0,0.0008219345923066897,0.12750218399052057,0.0006911955157816714,0.1072213514937862,tier0:uptime_s,0.0005285021519569334,tier0:soft_interrupts,0.0002757942011857793,tier0:cpu_times_idle_pct,0.00026761108784742065,tier0:swap_percent,0.0002609810479772244,tier0:swap_free_bytes,0.0002539126296002656,memory_io,0.003356201748151712,compute,0.0015771035426060992,scheduler_runtime,0.0008219345923066897,mixed
tier0,ALL,PY_STATS__ATOMIC,PY_STATS,ATOMIC,1,tier0,0.023222625919974458,0.0,0.0,1.0,0.0,0.0,memory_io,0.002428922547811079,0.10459293260724198,0.009910990795172924,0.42678165808321405,0.0,0.0,0.004511353592796156,0.19426543786832517,0.006371358984194297,0.27435997144121865,tier0:uptime_s,0.005948472889151848,tier0:soft_interrupts,0.0013608073870287948,tier0:syscalls,0.0012356299615559356,tier0:mem_inactive_bytes,0.0012296110823081642,tier0:mem_percent,0.0009958898887451023,memory_io,0.009910990795172924,platform_pressure,0.006371358984194297,scheduler_runtime,0.004511353592796156,mixed
tier0,ALL,PY_STATS__BRANCH,PY_STATS,BRANCH,1,tier0,0.016404907076717993,0.0,0.0,1.0,0.0,0.0,memory_io,0.0020283735324168575,0.12364431708946072,0.007193564442891078,0.43850077353380784,0.0,0.0,0.003151701109375526,0.1921194124804554,0.004031267992034529,0.2457354968962759,tier0:uptime_s,0.003607063509660947,tier0:syscalls,0.0008412032558739328,tier0:mem_inactive_bytes,0.0008309155508844285,tier0:mem_free_bytes,0.0008114131110536024,tier0:ctx_switches,0.0008069365402793679,memory_io,0.007193564442891078,platform_pressure,0.004031267992034529,scheduler_runtime,0.003151701109375526,mixed
tier0,ALL,PY_STATS__CACHE,PY_STATS,CACHE,1,tier0,0.008854270859704772,0.0,0.0,1.0,0.0,0.0,memory_io,0.0017130937520717748,0.1934765469924753,0.003963084562872674,0.4475901658834972,0.0,0.0,0.0015382699881154615,0.17373197776409022,0.0016398225566448626,0.18520130935993742,tier0:uptime_s,0.001025689222701387,tier0:mem_free_bytes,0.0005873821333890182,tier0:ctx_switches,0.0005344201794703263,tier0:syscalls,0.0003720787459990994,tier0:mem_inactive_bytes,0.00036391413641857697,memory_io,0.003963084562872674,compute,0.0017130937520717748,platform_pressure,0.0016398225566448626,mixed
tier0,ALL,PY_STATS__MEMBW,PY_STATS,MEMBW,1,tier0,0.020481579923281732,0.0,0.0,0.9999999999999998,0.0,0.0,memory_io,0.0021912735611340256,0.10698752583257361,0.008860431921512533,0.4326049042457286,0.0,0.0,0.003998446367828118,0.1952215787456426,0.005431428072807058,0.2651859911760551,tier0:uptime_s,0.004718192126060311,tier0:soft_interrupts,0.0011523612735656994,tier0:syscalls,0.0010315967478062844,tier0:mem_inactive_bytes,0.00102714134325466,tier0:mem_percent,0.000817991527599263,memory_io,0.008860431921512533,platform_pressure,0.005431428072807058,scheduler_runtime,0.003998446367828118,mixed
tier0,ALL,PY_STATS__NOMINAL,PY_STATS,NOMINAL,0,tier0,0.002804812263745686,0.0,0.0,1.0,0.0,0.0,compute,0.0014202135484414694,0.5063488800297976,0.0009088254743334284,0.32402363825938835,0.0,0.0,0.0003110786193577546,0.1109088916141306,0.00016469462161303357,0.05871859009668339,tier0:cpu_times_idle_pct,0.00027299838123072845,tier0:net_sent_Bps,0.00014321028889216256,tier0:mem_free_bytes,0.00013390931218599885,tier0:net_sent_Pps,0.00011626102080730987,tier0:ctx_switches,0.00010715602376679807,compute,0.0014202135484414694,memory_io,0.0009088254743334284,scheduler_runtime,0.0003110786193577546,mixed
tier0,ALL,PY_STATS__TLB,PY_STATS,TLB,1,tier0,0.012458283779696006,0.0,0.0,1.0,0.0,0.0,memory_io,0.0018664275286908465,0.14981417679156359,0.005142167672106317,0.41275088632085977,0.0,0.0,0.0022782014262033036,0.18286639367745192,0.0031714871526955387,0.25456854321012473,tier0:uptime_s,0.002742412703399398,tier0:mem_free_bytes,0.0006588816439639175,tier0:ctx_switches,0.0006431862972682796,tier0:soft_interrupts,0.0006296057468251416,tier0:syscalls,0.0005189493882113151,memory_io,0.005142167672106317,platform_pressure,0.0031714871526955387,scheduler_runtime,0.0022782014262033036,mixed
tier0,ALL,VIDEO_SW__ATOMIC,VIDEO_SW,ATOMIC,1,tier0,0.008481016631451644,0.0,0.0,1.0,0.0,0.0,memory_io,0.0016211080412680376,0.19114548546647084,0.00474726231532112,0.5597515630043707,0.0,0.0,0.0016285796831527943,0.19202646969388626,0.00048406659170969097,0.057076481835272176,tier0:mem_free_bytes,0.0007103791310471646,tier0:ctx_switches,0.0006052796602301107,tier0:mem_percent,0.0005836287084694948,tier0:mem_available_bytes,0.000582781450219631,tier0:mem_used_bytes,0.000530415463268829,memory_io,0.00474726231532112,scheduler_runtime,0.0016285796831527943,compute,0.0016211080412680376,mixed
tier0,ALL,VIDEO_SW__BRANCH,VIDEO_SW,BRANCH,1,tier0,0.01224699897499239,0.0,0.0,1.0000000000000002,0.0,0.0,memory_io,0.0018547301792025469,0.15144364615280778,0.006056129219081639,0.49449903861736894,0.0,0.0,0.0025220618611534033,0.20593305072559387,0.0018140777155547976,0.1481242645042293,tier0:uptime_s,0.0015183475923579005,tier0:mem_free_bytes,0.0010037180573125822,tier0:ctx_switches,0.0009165938148254541,tier0:soft_interrupts,0.0007040283551888302,tier0:swap_used_bytes,0.00044768001933861946,memory_io,0.006056129219081639,scheduler_runtime,0.0025220618611534033,compute,0.0018547301792025469,mixed
tier0,ALL,VIDEO_SW__CACHE,VIDEO_SW,CACHE,1,tier0,0.010412361700804156,0.0,0.0,0.9999999999999998,0.0,0.0,memory_io,0.002085852791055528,0.20032465745926165,0.005522379576227448,0.5303676279129785,0.0,0.0,0.0017980119673742074,0.17268051370471937,0.001006117366146974,0.0966272009230404,tier0:mem_free_bytes,0.001035830780426607,tier0:ctx_switches,0.000861063295487444,tier0:swap_used_bytes,0.00044642514692669284,tier0:uptime_s,0.0004331325549851234,tier0:mem_percent,0.0004211878833432952,memory_io,0.005522379576227448,compute,0.002085852791055528,scheduler_runtime,0.0017980119673742074,mixed
tier0,ALL,VIDEO_SW__MEMBW,VIDEO_SW,MEMBW,1,tier0,0.012608657214868103,0.0,0.0,1.0000000000000002,0.0,0.0,memory_io,0.0017476532969452482,0.13860740816114972,0.006018212287396016,0.47730794682080446,0.0,0.0,0.0021781124327205905,0.17274737472854484,0.0026646791978062467,0.211337270289501,tier0:uptime_s,0.0017395621365063805,tier0:mem_free_bytes,0.001009147448374707,tier0:ctx_switches,0.0008973559975484717,tier0:soft_interrupts,0.0007524673606207518,tier0:swap_used_bytes,0.00044731121147654655,memory_io,0.006018212287396016,platform_pressure,0.0026646791978062467,scheduler_runtime,0.0021781124327205905,mixed
tier0,ALL,VIDEO_SW__NOMINAL,VIDEO_SW,NOMINAL,0,tier0,0.002780463522093432,0.0,0.0,1.0000000000000002,0.0,0.0,memory_io,0.0010226603287027216,0.36780210226701815,0.0012238730947149667,0.44016872905906845,0.0,0.0,0.00034631046968573075,0.12455134438339659,0.00018761962899001248,0.06747782429051696,tier0:cpu_times_idle_pct,0.0002136382138533719,tier0:mem_free_bytes,0.00014538091896467152,tier0:ctx_switches,0.00013398118491730844,tier0:net_sent_Bps,0.000126421849782893,tier0:net_sent_Pps,0.00011000690613032541,memory_io,0.0012238730947149667,compute,0.0010226603287027216,scheduler_runtime,0.00034631046968573075,mixed
tier0,ALL,VIDEO_SW__TLB,VIDEO_SW,TLB,1,tier0,0.008593562821583687,0.0,0.0,1.0,0.0,0.0,memory_io,0.0018337367842037025,0.21338492802985845,0.004137239024841652,0.48143466344954355,0.0,0.0,0.0015596944744149107,0.18149567377311362,0.0010628925381234236,0.12368473474748459,tier0:mem_free_bytes,0.000796669497410009,tier0:uptime_s,0.0007270201810092568,tier0:ctx_switches,0.0007006611996381167,tier0:soft_interrupts,0.0006264973678993088,tier0:swap_used_bytes,0.0004142148238325063,memory_io,0.004137239024841652,compute,0.0018337367842037025,scheduler_runtime,0.0015596944744149107,mixed
tier0_tier1,ALL,BROWSER__ATOMIC,BROWSER,ATOMIC,1,tier0,3.2819904328314285e-05,2.2868035244879023e-06,0.0,0.9348613508826811,0.0651386491173188,0.0,memory_io,8.947255584005331e-06,0.254858861204531,1.7548916383926568e-05,0.4998735984446866,1.0573547263207709e-06,0.03011831045947459,4.803485828889071e-06,0.13682529985521444,2.7496953296604464e-06,0.07832393003609331,tier0:mem_free_bytes,2.3454276197779065e-06,tier0:ctx_switches,1.9164698350509e-06,tier0:uptime_s,1.6918118000960712e-06,tier0:cpu_times_idle_pct,1.6821545869427074e-06,tier0:net_sent_Pps,1.6034053695763492e-06,memory_io,1.7548916383926568e-05,compute,8.947255584005331e-06,scheduler_runtime,4.803485828889071e-06,mixed
tier0_tier1,ALL,BROWSER__BRANCH,BROWSER,BRANCH,1,tier0,8.26181083718124e-05,4.880999178344581e-06,0.0,0.944216583288616,0.055783416711383614,0.0,memory_io,1.3918901259594303e-05,0.15907477972407416,4.656069868345481e-05,0.5321276980655474,2.687306462160142e-06,0.030712387102002157,1.0666929646296844e-05,0.12190901078827862,1.3665271498650915e-05,0.15617612432009761,tier0:uptime_s,8.036230409737834e-06,tier0:net_sent_Pps,4.989314580032807e-06,tier0:mem_percent,4.453238790114934e-06,tier0:mem_available_bytes,4.425096926655922e-06,tier0:mem_inactive_bytes,4.238464753297989e-06,memory_io,4.656069868345481e-05,compute,1.3918901259594303e-05,platform_pressure,1.3665271498650915e-05,mixed
tier0_tier1,ALL,BROWSER__CACHE,BROWSER,CACHE,1,tier0,4.536715616788176e-05,1.0832274553520163e-05,0.0,0.8072529487492656,0.19274705125073457,0.0,memory_io,1.357982328769543e-05,0.24163631398714416,1.9605597614291904e-05,0.3488575838335971,7.223501365865938e-06,0.12853335475362881,8.275498766743247e-06,0.14725235933024786,7.515009686805405e-06,0.13372038809538211,tier0:uptime_s,5.29323042776437e-06,tier1_alt:cpu_temp_c,3.1183148220874147e-06,tier0:soft_interrupts,2.7356800125084945e-06,tier1_alt:cpu_usage_pct,2.195805537829802e-06,tier0:cpu_times_idle_pct,2.148651722799175e-06,memory_io,1.9605597614291904e-05,compute,1.357982328769543e-05,scheduler_runtime,8.275498766743247e-06,mixed
tier0_tier1,ALL,BROWSER__MEMBW,BROWSER,MEMBW,1,tier0,6.212354121905541e-05,4.799673051246123e-06,0.0,0.9282808947003005,0.07171910529969974,0.0,memory_io,1.2398042599392342e-05,0.18525772759982653,3.954686230558172e-05,0.5909289136330592,2.650657462991985e-06,0.03960744402213009,6.893953931210789e-06,0.10301289330435097,5.43369797112469e-06,0.08119302144063334,tier0:net_sent_Pps,7.458442773976678e-06,tier0:net_recv_Pps,3.2166671094781684e-06,tier0:mem_percent,2.922775924416378e-06,tier0:mem_available_bytes,2.9109571608113286e-06,tier0:uptime_s,2.857775922482533e-06,memory_io,3.954686230558172e-05,compute,1.2398042599392342e-05,scheduler_runtime,6.893953931210789e-06,mixed
tier0_tier1,ALL,BROWSER__NOMINAL,BROWSER,NOMINAL,0,tier0,1.8539186442447137e-05,2.41215031966886e-06,0.0,0.8848689061200864,0.1151310938799135,0.0,compute,7.5868527751765696e-06,0.3621178381751298,7.155263267905797e-06,0.341518221445606,1.2422329965342224e-06,0.059291347880981796,2.5239599502235808e-06,0.12046772856934744,2.443027772275828e-06,0.11660486392893492,tier0:cpu_times_idle_pct,1.985805784610006e-06,tier0:mem_free_bytes,1.0739724679572088e-06,tier1_alt:cpu_usage_pct,1.0101663149470007e-06,tier0:ctx_switches,9.138980970673051e-07,tier0:net_sent_Bps,8.804976724231249e-07,compute,7.5868527751765696e-06,memory_io,7.155263267905797e-06,scheduler_runtime,2.5239599502235808e-06,mixed
tier0_tier1,ALL,BROWSER__TLB,BROWSER,TLB,1,tier0,5.2837325077906355e-05,1.0615277077002293e-05,0.0,0.8327054097625987,0.16729459023740137,0.0,memory_io,1.49762605563069e-05,0.23602279571994428,2.8897908009760488e-05,0.45542510517080453,6.250605239934518e-06,0.09850825699275086,9.046102954952063e-06,0.1425647278084444,4.281725393954678e-06,0.06747911430805596,tier0:uptime_s,3.2307756579610382e-06,tier0:soft_interrupts,2.9762726780808357e-06,tier1_alt:cpu_usage_pct,2.6030586459290384e-06,tier1_alt:gpu_temp_c,2.5526197832476197e-06,tier0:syscalls,2.536144661374846e-06,memory_io,2.8897908009760488e-05,compute,1.49762605563069e-05,scheduler_runtime,9.046102954952063e-06,mixed
tier0_tier1,ALL,PY_AI__ATOMIC,PY_AI,ATOMIC,1,tier0,4.014670676121877e-05,4.390270026542147e-06,0.0,0.9014241571118806,0.09857584288811956,0.0,memory_io,1.0612208959990466e-05,0.2382786108397636,2.152277876339458e-05,0.4832563931305997,2.1629386986427685e-06,0.048565009451588106,7.08471407232476e-06,0.15907487627834885,3.1543362934083443e-06,0.07082511029969998,tier0:mem_inactive_bytes,2.7019361259157387e-06,tier0:syscalls,2.6733462232364386e-06,tier0:mem_available_bytes,2.389397091476666e-06,tier0:mem_percent,2.3873014354725646e-06,tier0:mem_free_bytes,2.0703181756458976e-06,memory_io,2.152277876339458e-05,compute,1.0612208959990466e-05,scheduler_runtime,7.08471407232476e-06,mixed
tier0_tier1,ALL,PY_AI__BRANCH,PY_AI,BRANCH,1,tier0,6.211866819742353e-05,5.7360565616310915e-06,0.0,0.9154656277510628,0.08453437224893708,0.0,memory_io,1.4442379440710046e-05,0.21284265011748996,3.463464930748578e-05,0.5104235472248981,3.386020126580945e-06,0.049901022200065884,8.161566258910127e-06,0.1202799994825863,7.2301096253677285e-06,0.10655278097495978,tier0:uptime_s,5.072987439228177e-06,tier0:soft_interrupts,3.062725950329011e-06,tier0:swap_percent,2.8284816620513123e-06,tier0:swap_free_bytes,2.787600318481704e-06,tier0:swap_used_bytes,2.562742621867845e-06,memory_io,3.463464930748578e-05,compute,1.4442379440710046e-05,scheduler_runtime,8.161566258910127e-06,mixed
tier0_tier1,ALL,PY_AI__CACHE,PY_AI,CACHE,1,tier1_alt,3.836389640100317e-05,224.58300679691314,0.0,1.7082276346165504e-07,0.9999998291772364,0.0,compute,224.58301602952923,0.999999870287268,1.7088657124846324e-05,7.609059318173475e-08,2.9744888319420704e-06,1.3244494168347522e-08,4.1573058887731354e-06,1.8511218804591213e-08,4.9108284812614765e-06,2.18664257479684e-08,tier1_alt:gpu_avg_freq_mhz,109.78881750228682,tier1_alt:cpu_avg_freq_mhz,97.74043031930644,tier1_alt:gpu_residency_active_pct,9.920625120844766,tier1_alt:cpu_residency_active_pct,7.133127776883594,tier0:uptime_s,3.6390143604822406e-06,compute,224.58301602952923,memory_io,1.7088657124846324e-05,platform_pressure,4.9108284812614765e-06,mixed
tier0_tier1,ALL,PY_AI__MEMBW,PY_AI,MEMBW,1,tier0,6.482877189749701e-05,7.265008981644196e-06,0.0,0.8992283537768214,0.10077164622317893,0.0,memory_io,1.5235698373996112e-05,0.211331659793754,3.923692959001218e-05,0.5442484651455499,3.3693877339968483e-06,0.046736177419316204,8.754105437952233e-06,0.12142663807059464,5.497659743183809e-06,0.07625705957078527,tier0:uptime_s,4.4113962975002045e-06,tier0:swap_percent,3.1429214237812637e-06,tier1_alt:cpu_usage_pct,3.1134776174820472e-06,tier0:swap_free_bytes,3.08686880824652e-06,tier0:swap_used_bytes,2.802848320512909e-06,memory_io,3.923692959001218e-05,compute,1.5235698373996112e-05,scheduler_runtime,8.754105437952233e-06,mixed
tier0_tier1,ALL,PY_AI__NOMINAL,PY_AI,NOMINAL,0,tier0,2.3313705861528392e-05,3.96575720290573e-06,0.0,0.8546248071841221,0.14537519281587793,0.0,compute,9.950511932739104e-06,0.3647620156319054,9.93964625451457e-06,0.3643637058045137,2.303533165294329e-06,0.08444202731752386,3.276282029147112e-06,0.12010067871968487,1.8094896827390064e-06,0.06633157252637231,tier0:cpu_times_idle_pct,2.0142149970748584e-06,tier0:cpu_pct,1.018325365563615e-06,tier0:cpu_times_user_pct,9.839306324926491e-07,tier1_alt:cpu_usage_pct,9.502332817088257e-07,tier0:net_sent_Bps,8.83377090323537e-07,compute,9.950511932739104e-06,memory_io,9.93964625451457e-06,scheduler_runtime,3.276282029147112e-06,mixed
tier0_tier1,ALL,PY_AI__TLB,PY_AI,TLB,1,tier0,4.67410436526411e-05,5.838404662739298e-06,0.0,0.8889603286112938,0.11103967138870614,0.0,memory_io,1.3876904999278834e-05,0.26392260557856784,2.550010578123083e-05,0.48498237616106005,2.886039863043756e-06,0.05488912408766258,5.768572515173401e-06,0.10971154509976085,4.547825156653569e-06,0.08649434907294856,tier0:uptime_s,3.7273810530369936e-06,tier0:swap_percent,2.219296840693084e-06,tier0:swap_free_bytes,2.1813355188879638e-06,tier0:swap_used_bytes,2.1144449891171646e-06,tier1_alt:cpu_usage_pct,2.10328308186401e-06,memory_io,2.550010578123083e-05,compute,1.3876904999278834e-05,scheduler_runtime,5.768572515173401e-06,mixed
tier0_tier1,ALL,PY_STATS__ATOMIC,PY_STATS,ATOMIC,1,tier0,0.00015526177712767814,1.0449215300901576e-05,0.0,0.9369431372791693,0.06305686272083076,0.0,memory_io,1.8726299710664378e-05,0.11300577853177292,6.620425769921977e-05,0.3995163913326592,7.919496685328552e-06,0.04779101596861054,3.0238107819672872e-05,0.18247496666647078,4.262283051369412e-05,0.25721184750048653,tier0:uptime_s,3.9833259343364326e-05,tier0:soft_interrupts,9.392997987574656e-06,tier0:syscalls,8.434808739849494e-06,tier0:mem_inactive_bytes,8.373441843406842e-06,tier0:mem_percent,6.922520268145755e-06,memory_io,6.620425769921977e-05,platform_pressure,4.262283051369412e-05,scheduler_runtime,3.0238107819672872e-05,mixed
tier0_tier1,ALL,PY_STATS__BRANCH,PY_STATS,BRANCH,1,tier0,0.00010962653851481677,6.82104536219571e-06,0.0,0.9414238996199369,0.05857610038006319,0.0,memory_io,1.693402488120431e-05,0.14542186550722586,4.808028319019889e-05,0.4128920634452963,3.4836745044721235e-06,0.029916245477033244,2.1127504740985135e-05,0.18143360332232575,2.682209656015203e-05,0.23033622224811906,tier0:uptime_s,2.4156091207415173e-05,tier0:syscalls,5.693314731892725e-06,tier0:mem_inactive_bytes,5.6036757211497755e-06,tier0:ctx_switches,5.321695421510294e-06,tier0:mem_free_bytes,5.2524109640784855e-06,memory_io,4.808028319019889e-05,platform_pressure,2.682209656015203e-05,scheduler_runtime,2.1127504740985135e-05,mixed
tier0_tier1,ALL,PY_STATS__CACHE,PY_STATS,CACHE,1,tier0,6.033859069398947e-05,3.480468103437178e-06,0.0,0.9454634999478007,0.054536500052199455,0.0,memory_io,1.3523308850883823e-05,0.21190078803589502,2.690398637199495e-05,0.42156664292704665,1.8428346749358992e-06,0.028875930006824348,1.0099974068774234e-05,0.1582595271552562,1.144895483083774e-05,0.17939711187497792,tier0:uptime_s,7.374549141086954e-06,tier0:mem_free_bytes,3.8299692557361645e-06,tier0:ctx_switches,3.5489219020755406e-06,tier0:syscalls,2.436489248889985e-06,tier0:mem_inactive_bytes,2.3883017784662056e-06,memory_io,2.690398637199495e-05,compute,1.3523308850883823e-05,platform_pressure,1.144895483083774e-05,mixed
tier0_tier1,ALL,PY_STATS__MEMBW,PY_STATS,MEMBW,1,tier0,0.00013694378939984938,7.601442037618203e-06,0.0,0.9474113261155439,0.05258867388445602,0.0,memory_io,1.6784377651360952e-05,0.11611851518340902,5.9019979727898085e-05,0.4083149554015623,5.643967641915295e-06,0.039046377288184414,2.6728533176597645e-05,0.1849146658854727,3.636837323969561e-05,0.25160548624137147,tier0:uptime_s,3.162935444887369e-05,tier0:soft_interrupts,7.844718428153551e-06,tier0:syscalls,6.9240110566993235e-06,tier0:mem_inactive_bytes,6.8804752082539145e-06,tier0:mem_percent,5.558629353603475e-06,memory_io,5.9019979727898085e-05,platform_pressure,3.636837323969561e-05,scheduler_runtime,2.6728533176597645e-05,mixed
tier0_tier1,ALL,PY_STATS__NOMINAL,PY_STATS,NOMINAL,0,tier0,1.943552540317133e-05,1.8411476221942905e-06,0.0,0.9134663760636205,0.08653362393637909,0.0,compute,1.1075804376376015e-05,0.5205609149123859,6.3107986053745585e-06,0.2966064571209488,5.220994095681709e-07,0.024538583120854197,2.103567928132e-06,0.09886733351704789,1.2644027059148816e-06,0.05942671132876299,tier0:cpu_times_idle_pct,1.8558158124654504e-06,tier1_alt:cpu_usage_pct,1.0946906211120214e-06,tier0:net_sent_Bps,9.617467828244594e-07,tier0:mem_free_bytes,9.201034972846844e-07,tier0:net_sent_Pps,7.869265922609734e-07,compute,1.1075804376376015e-05,memory_io,6.3107986053745585e-06,scheduler_runtime,2.103567928132e-06,mixed
tier0_tier1,ALL,PY_STATS__TLB,PY_STATS,TLB,1,tier0,8.253694793068738e-05,6.6290029602331205e-06,0.0,0.9256554447746246,0.07434455522537504,0.0,memory_io,1.6094892862250903e-05,0.18050492033601798,3.3537555182166544e-05,0.37612513349623866,2.976417979875627e-06,0.03338065651895275,1.542741759843856e-05,0.17301915635163692,2.1129667268188878e-05,0.23697013329715347,tier0:uptime_s,1.8283232154662926e-05,tier0:mem_free_bytes,4.3928589979968495e-06,tier0:ctx_switches,4.337045704712664e-06,tier0:soft_interrupts,4.276557796275617e-06,tier0:syscalls,3.5482397352645458e-06,memory_io,3.3537555182166544e-05,platform_pressure,2.1129667268188878e-05,compute,1.6094892862250903e-05,mixed
tier0_tier1,ALL,VIDEO_SW__ATOMIC,VIDEO_SW,ATOMIC,1,tier0,5.635144663018535e-05,1.150221946858923e-05,0.0,0.830484922482369,0.16951507751763112,0.0,memory_io,1.4700273958671725e-05,0.21664671643935257,3.2482004535700664e-05,0.47870669933171506,7.116002628654161e-06,0.10487278046694481,1.0127176413765181e-05,0.1492502468329869,3.428208561982834e-06,0.05052355692900058,tier0:mem_free_bytes,4.024633772245743e-06,tier0:mem_percent,3.6411413561962714e-06,tier0:mem_available_bytes,3.627081337790268e-06,tier0:mem_used_bytes,3.505838111045129e-06,tier0:ctx_switches,3.500089736454114e-06,memory_io,3.2482004535700664e-05,compute,1.4700273958671725e-05,scheduler_runtime,1.0127176413765181e-05,mixed
tier0_tier1,ALL,VIDEO_SW__BRANCH,VIDEO_SW,BRANCH,1,tier0,8.290593588117213e-05,4.164350471204451e-06,0.0,0.9521725419122756,0.04782745808772438,0.0,memory_io,1.4469201416565064e-05,0.16617840623617208,4.158015756673343e-05,0.4775470405421321,2.327447428400707e-06,0.026730673871697676,1.685696335970944e-05,0.19360179075888995,1.1836516580967933e-05,0.13594208859110818,tier0:uptime_s,1.031825614063292e-05,tier0:mem_free_bytes,6.733097379047582e-06,tier0:ctx_switches,6.14201176831915e-06,tier0:soft_interrupts,4.585160247206342e-06,tier0:swap_used_bytes,3.2156551204403206e-06,memory_io,4.158015756673343e-05,scheduler_runtime,1.685696335970944e-05,compute,1.4469201416565064e-05,mixed
tier0_tier1,ALL,VIDEO_SW__CACHE,VIDEO_SW,CACHE,1,tier0,7.048061489987002e-05,5.058466225469939e-06,0.0,0.9330351104340735,0.06696488956592629,0.0,memory_io,1.5087096311263807e-05,0.19972570603857615,3.852089285671364e-05,0.5099465373797301,3.3733886201256675e-06,0.04465752786333599,1.2184887417461123e-05,0.16130574049799554,6.372815919775739e-06,0.08436448822036233,tier0:mem_free_bytes,7.458493854193301e-06,tier0:ctx_switches,6.104406943639398e-06,tier0:swap_used_bytes,3.19240141886974e-06,tier0:uptime_s,2.918167920484552e-06,tier0:mem_percent,2.858555294486868e-06,memory_io,3.852089285671364e-05,compute,1.5087096311263807e-05,scheduler_runtime,1.2184887417461123e-05,mixed
tier0_tier1,ALL,VIDEO_SW__MEMBW,VIDEO_SW,MEMBW,1,tier0,8.556728799791359e-05,4.390872795509142e-06,0.0,0.9511898336206294,0.048810166379370655,0.0,memory_io,1.3640240805607754e-05,0.15162872034401415,4.1158196226053575e-05,0.4575259861144565,2.6258842992930756e-06,0.02919006209256633,1.459564998106771e-05,0.1622493151520153,1.7938189481400635e-05,0.19940591629694793,tier0:uptime_s,1.169228874812983e-05,tier0:mem_free_bytes,6.889871485550651e-06,tier0:ctx_switches,6.060612968596303e-06,tier0:soft_interrupts,5.100353418168925e-06,tier0:swap_used_bytes,3.101068986680618e-06,memory_io,4.1158196226053575e-05,platform_pressure,1.7938189481400635e-05,scheduler_runtime,1.459564998106771e-05,mixed
tier0_tier1,ALL,VIDEO_SW__NOMINAL,VIDEO_SW,NOMINAL,0,tier0,1.8781179982071786e-05,1.959020770268931e-06,0.0,0.9055447537050556,0.09445524629494426,0.0,memory_io,8.140252566762506e-06,0.39248668149192356,8.351264962672464e-06,0.40266075832124953,6.488644204357917e-07,0.03128534907563812,2.3502045267342442e-06,0.1133163827485615,1.2496142757357134e-06,0.060250828362627254,tier0:cpu_times_idle_pct,1.4407247789636833e-06,tier1_alt:cpu_usage_pct,1.124911059936391e-06,tier0:mem_free_bytes,1.0035902603236708e-06,tier0:ctx_switches,9.068600069167115e-07,tier0:net_sent_Bps,8.516229170991899e-07,memory_io,8.351264962672464e-06,compute,8.140252566762506e-06,scheduler_runtime,2.3502045267342442e-06,mixed
tier0_tier1,ALL,VIDEO_SW__TLB,VIDEO_SW,TLB,1,tier0,5.87333609757082e-05,4.059073987625991e-06,0.0,0.93535727687585,0.0646427231241497,0.0,memory_io,1.4493234804057899e-05,0.23081179783075456,2.888307608017431e-05,0.4599770035520956,1.97160285136593e-06,0.0313987322281289,1.0480185040649813e-05,0.16690203281286048,6.964336187086251e-06,0.11091043357616041,tier0:mem_free_bytes,5.389047056411192e-06,tier0:uptime_s,4.993210737357945e-06,tier0:ctx_switches,4.73992817840393e-06,tier0:soft_interrupts,4.074699060649592e-06,tier0:swap_used_bytes,3.028637316076244e-06,memory_io,2.888307608017431e-05,compute,1.4493234804057899e-05,scheduler_runtime,1.0480185040649813e-05,mixed
tier0_tier1_tier2,ALL,BROWSER__ATOMIC,BROWSER,ATOMIC,1,tier0,3.3679339970007245e-05,2.3207283631470387e-06,6.81852917060167e-06,0.786558690229239,0.0541990746647755,0.1592422351059855,memory_io,9.070580278861149e-06,0.2118373979452619,1.8210970085423273e-05,0.4253051511980477,1.0894106585492746e-06,0.0254424647713815,1.187061258244516e-05,0.2772302988532937,2.5770238984770957e-06,0.06018468723201512,tier0:mem_free_bytes,2.210230533088724e-06,tier0:ctx_switches,1.8229783746014735e-06,tier0:net_sent_Pps,1.7205661064092327e-06,tier2:unique_thread_count,1.7045104452807375e-06,tier0:cpu_times_idle_pct,1.6808980488614418e-06,memory_io,1.8210970085423273e-05,scheduler_runtime,1.187061258244516e-05,compute,9.070580278861149e-06,mixed
tier0_tier1_tier2,ALL,BROWSER__BRANCH,BROWSER,BRANCH,1,tier0,8.628756158825834e-05,5.2443390363804945e-06,1.1179940029974091e-05,0.8400936156758773,0.051058758201165226,0.10884762612295745,memory_io,1.4818784455856656e-05,0.14427532757092232,4.956351859664647e-05,0.4825492200389313,2.7310832223952035e-06,0.026589760294326362,2.201899834448658e-05,0.21437643609688029,1.3579456035228025e-05,0.1322092559989397,tier0:uptime_s,7.887600183951369e-06,tier0:net_sent_Pps,4.941567874010399e-06,tier0:mem_percent,4.6130681369124954e-06,tier0:mem_available_bytes,4.583100373709518e-06,tier0:mem_inactive_bytes,4.379088129118267e-06,memory_io,4.956351859664647e-05,scheduler_runtime,2.201899834448658e-05,compute,1.4818784455856656e-05,mixed
tier0_tier1_tier2,ALL,BROWSER__CACHE,BROWSER,CACHE,1,tier0,4.4852890889557204e-05,1.1116877497078316e-05,1.125381721612304e-05,0.6672195552704442,0.16537168312875783,0.16740876160079793,memory_io,1.3003728285286164e-05,0.19343996855699627,2.025815668996391e-05,0.30135489662325604,7.435377512471632e-06,0.11060667838233426,1.9416034632088774e-05,0.2888277151240208,7.110288482948088e-06,0.10577074131339273,tier0:uptime_s,5.389591076911209e-06,tier1_alt:cpu_temp_c,3.168165770699947e-06,tier2:unique_process_count,2.8577772839156916e-06,tier0:soft_interrupts,2.726410639260334e-06,tier2:unique_thread_count,2.418143328440331e-06,memory_io,2.025815668996391e-05,scheduler_runtime,1.9416034632088774e-05,compute,1.3003728285286164e-05,mixed
tier0_tier1_tier2,ALL,BROWSER__MEMBW,BROWSER,MEMBW,1,tier0,6.273662444131347e-05,4.843932124251619e-06,6.510649249387871e-06,0.8467485952111752,0.06537796316002223,0.08787344162880265,memory_io,1.2325111281227348e-05,0.1663505289954387,3.9878263294428374e-05,0.5382320729672916,2.6553659336491457e-06,0.03583915127904754,1.3377305042175153e-05,0.1805518603056042,5.855160263472936e-06,0.07902638645261807,tier0:net_sent_Pps,7.574022554012147e-06,tier0:net_recv_Pps,3.2648066395967217e-06,tier0:mem_percent,2.922980380290376e-06,tier0:mem_available_bytes,2.9119210229763357e-06,tier0:uptime_s,2.8822781507300633e-06,memory_io,3.9878263294428374e-05,scheduler_runtime,1.3377305042175153e-05,compute,1.2325111281227348e-05,mixed
tier0_tier1_tier2,ALL,BROWSER__NOMINAL,BROWSER,NOMINAL,0,tier0,1.8617382987868536e-05,2.405319410107818e-06,1.381904105335372e-06,0.8309622838105466,0.1073582528553794,0.061679463334074015,compute,7.610465863126853e-06,0.3396830853513056,7.176209602949693e-06,0.32030063111748674,1.238767496218032e-06,0.05529074996407208,3.918776473718111e-06,0.17490940861375356,2.4603870672990373e-06,0.10981612495338208,tier0:cpu_times_idle_pct,1.9832371030880575e-06,tier0:mem_free_bytes,1.095378019244496e-06,tier1_alt:cpu_usage_pct,1.0068238335612527e-06,tier0:ctx_switches,9.254193569408912e-07,tier0:net_sent_Bps,8.828074307736074e-07,compute,7.610465863126853e-06,memory_io,7.176209602949693e-06,scheduler_runtime,3.918776473718111e-06,mixed
tier0_tier1_tier2,ALL,BROWSER__TLB,BROWSER,TLB,1,tier0,5.234540001759803e-05,1.0515818387063109e-05,7.2499417947733475e-06,0.7466058166588471,0.1499877959108132,0.10340638743033988,memory_io,1.4948527328446224e-05,0.21321180944552104,2.832953934635863e-05,0.40406604691427056,6.3042007220658395e-06,0.08991722151128644,1.635738195561626e-05,0.23330639386207447,4.171510846947531e-06,0.059498528266847574,tier0:uptime_s,3.1528804655627895e-06,tier0:soft_interrupts,3.092732748017902e-06,tier1_alt:cpu_usage_pct,2.5175002914702997e-06,tier1_alt:gpu_temp_c,2.499570003307101e-06,tier0:syscalls,2.4856865856467517e-06,memory_io,2.832953934635863e-05,scheduler_runtime,1.635738195561626e-05,compute,1.4948527328446224e-05,mixed
tier0_tier1_tier2,ALL,PY_AI__ATOMIC,PY_AI,ATOMIC,1,tier0,3.9259126372036016e-05,4.236020792312293e-06,4.90921639364044e-06,0.811065852048717,0.08751320089639256,0.10142094705489031,memory_io,1.0507082597437366e-05,0.2170689133191434,2.0488725256331158e-05,0.42328260822571345,2.1218510611226082e-06,0.04383594587666907,1.2175810322960055e-05,0.25154365077795826,3.110894320137569e-06,0.0642688818005157,tier0:mem_inactive_bytes,2.6075158756361485e-06,tier0:syscalls,2.578821641804518e-06,tier0:mem_percent,2.3214881281808024e-06,tier0:mem_available_bytes,2.3190286975814284e-06,tier0:mem_free_bytes,2.214789617851232e-06,memory_io,2.0488725256331158e-05,scheduler_runtime,1.2175810322960055e-05,compute,1.0507082597437366e-05,mixed
tier0_tier1_tier2,ALL,PY_AI__BRANCH,PY_AI,BRANCH,1,tier0,6.274091081830293e-05,5.655299416280939e-06,4.541721018957749e-06,0.8601959191878841,0.07753578034208829,0.06226830047002764,memory_io,1.4132343042498317e-05,0.19375848477759094,3.531849230623851e-05,0.4842266801270644,3.3885251120366387e-06,0.04645765315522441,1.2774880305537644e-05,0.17514728051623127,7.323690487230502e-06,0.10040990142388893,tier0:uptime_s,5.0754186949899215e-06,tier0:soft_interrupts,3.0615570788356043e-06,tier0:swap_percent,2.921470148584685e-06,tier0:swap_free_bytes,2.876376789964146e-06,tier0:swap_used_bytes,2.6448101631650518e-06,memory_io,3.531849230623851e-05,compute,1.4132343042498317e-05,scheduler_runtime,1.2774880305537644e-05,mixed
tier0_tier1_tier2,ALL,PY_AI__CACHE,PY_AI,CACHE,1,tier1_alt,3.808939750553315e-05,224.58221728205982,4.656695005276868e-06,1.6960109627874657e-07,0.9999998096639848,2.07349191547593e-08,compute,224.58222621629287,0.9999998494455467,1.6469008511724106e-05,7.333174271939222e-08,3.074359821401288e-06,1.3689237168669979e-08,9.067015284799847e-06,4.0372802747925245e-08,5.201475828250862e-06,2.3160670961271992e-08,tier1_alt:gpu_avg_freq_mhz,109.7884314436015,tier1_alt:cpu_avg_freq_mhz,97.74008662727212,tier1_alt:gpu_residency_active_pct,9.920590236203699,tier1_alt:cpu_residency_active_pct,7.133102694129317,tier0:uptime_s,3.6263450151290538e-06,compute,224.58222621629287,memory_io,1.6469008511724106e-05,scheduler_runtime,9.067015284799847e-06,mixed
tier0_tier1_tier2,ALL,PY_AI__MEMBW,PY_AI,MEMBW,1,tier0,6.543163428839319e-05,7.253353797338692e-06,6.167735745798729e-06,0.8297954859262483,0.09198609058623686,0.07821842348751502,memory_io,1.4885263155782962e-05,0.18877297362086606,3.982143758678858e-05,0.5050102983362675,3.423473891287271e-06,0.04341605115127725,1.5273469530093263e-05,0.19369615642859894,5.44907966757853e-06,0.06910452046299032,tier0:uptime_s,4.4239320401757825e-06,tier0:swap_percent,3.230743026111302e-06,tier0:swap_free_bytes,3.1725951821308535e-06,tier1_alt:cpu_usage_pct,3.0366164763992082e-06,tier0:swap_used_bytes,2.87641736219563e-06,memory_io,3.982143758678858e-05,scheduler_runtime,1.5273469530093263e-05,compute,1.4885263155782962e-05,mixed
tier0_tier1_tier2,ALL,PY_AI__NOMINAL,PY_AI,NOMINAL,0,tier0,2.3430285679837765e-05,3.973800587786691e-06,3.502732990389047e-06,0.7580943701854006,0.12857358612715752,0.11333204368744154,memory_io,9.962788493912692e-06,0.32234920102072756,1.0014696832748533e-05,0.32402871188862065,2.309403179350517e-06,0.07472147683886092,6.80352490906702e-06,0.22013021955674084,1.8164058429347473e-06,0.05877039069504993,tier0:cpu_times_idle_pct,2.011460669193207e-06,tier2:avg_core_id,1.0404486441658176e-06,tier0:cpu_pct,1.021643507771186e-06,tier2:max_core_id,9.841462322887866e-07,tier0:cpu_times_user_pct,9.839568183784425e-07,memory_io,1.0014696832748533e-05,compute,9.962788493912692e-06,scheduler_runtime,6.80352490906702e-06,mixed
tier0_tier1_tier2,ALL,PY_AI__TLB,PY_AI,TLB,1,tier0,4.719980125874621e-05,5.802955783641936e-06,4.061306524045418e-06,0.8271370510408279,0.10169194797854131,0.07117100098063074,memory_io,1.3677340945479328e-05,0.239683963788458,2.598647621233276e-05,0.45539126708141797,2.885676717771611e-06,0.0505690716261755,9.94337318933033e-06,0.17424930101156094,4.571196501519531e-06,0.0801063964923875,tier0:uptime_s,3.7305123277576016e-06,tier0:swap_percent,2.277766513758771e-06,tier0:swap_free_bytes,2.24040627136242e-06,tier0:swap_used_bytes,2.1799394206598276e-06,tier1_alt:cpu_usage_pct,2.0808565392232477e-06,memory_io,2.598647621233276e-05,compute,1.3677340945479328e-05,scheduler_runtime,9.94337318933033e-06,mixed
tier0_tier1_tier2,ALL,PY_STATS__ATOMIC,PY_STATS,ATOMIC,1,tier0,0.00015441666416879485,1.0603718804332638e-05,1.3997021593952509e-05,0.8625790578420158,0.059232893192568296,0.07818804896541584,memory_io,1.8912000683869378e-05,0.10564336316686358,6.546182331328879e-05,0.3656729549375153,7.861933714626546e-06,0.043917147238499835,4.452030380822578e-05,0.2486926001183504,4.2261343047069525e-05,0.23607393453877096,tier0:uptime_s,3.9810088978729766e-05,tier0:soft_interrupts,9.711360346287439e-06,tier0:syscalls,8.345576284992136e-06,tier0:mem_inactive_bytes,8.292557304641471e-06,tier0:mem_percent,6.840321337913882e-06,memory_io,6.546182331328879e-05,scheduler_runtime,4.452030380822578e-05,platform_pressure,4.2261343047069525e-05,mixed
tier0_tier1_tier2,ALL,PY_STATS__BRANCH,PY_STATS,BRANCH,1,tier0,0.00011008742763143609,6.738358452735899e-06,9.597262089714865e-06,0.8707860569855731,0.053300078981387285,0.07591386403303962,memory_io,1.7004981661920506e-05,0.1345085560548361,4.817097836206303e-05,0.3810300341422469,3.4235955207664305e-06,0.027080469662916946,3.097009580025034e-05,0.24497191174866265,2.685339682888656e-05,0.2124090283913375,tier0:uptime_s,2.4066625865074894e-05,tier0:syscalls,5.722177846646537e-06,tier0:mem_inactive_bytes,5.635961709261423e-06,tier0:ctx_switches,5.3483373000945326e-06,tier0:soft_interrupts,5.308868438953436e-06,memory_io,4.817097836206303e-05,scheduler_runtime,3.097009580025034e-05,platform_pressure,2.685339682888656e-05,mixed
tier0_tier1_tier2,ALL,PY_STATS__CACHE,PY_STATS,CACHE,1,tier0,6.089781852816856e-05,3.4140607252512243e-06,4.6905204179166075e-06,0.8825463870565291,0.04947742022759573,0.06797619271587522,memory_io,1.3596098823382713e-05,0.19703805792468018,2.723194257333488e-05,0.3946521092460939,1.7928858648819159e-06,0.025982949483229073,1.4972640220884594e-05,0.21698723946124196,1.1408832188852293e-05,0.16533964388475497,tier0:uptime_s,7.382245570824641e-06,tier0:mem_free_bytes,3.943600574888966e-06,tier0:ctx_switches,3.672238156165193e-06,tier0:syscalls,2.453197009272568e-06,tier0:mem_inactive_bytes,2.413304339034205e-06,memory_io,2.723194257333488e-05,scheduler_runtime,1.4972640220884594e-05,compute,1.3596098823382713e-05,mixed
tier0_tier1_tier2,ALL,PY_STATS__MEMBW,PY_STATS,MEMBW,1,tier0,0.00013796164355284315,7.487513652301134e-06,1.0389658140194881e-05,0.8852842165613221,0.04804652573692109,0.0666692577017566,memory_io,1.6949422240776313e-05,0.10876251980750977,5.9344656641891435e-05,0.3808079297213825,5.573286254822627e-06,0.035763145673766907,3.755791003041911e-05,0.2410048481643722,3.641354017742972e-05,0.23366155663296867,tier0:uptime_s,3.151237321695879e-05,tier0:soft_interrupts,7.92151835697354e-06,tier0:syscalls,7.010969417032537e-06,tier0:mem_inactive_bytes,6.979873059985099e-06,tier0:mem_percent,5.619285110330245e-06,memory_io,5.9344656641891435e-05,scheduler_runtime,3.755791003041911e-05,platform_pressure,3.641354017742972e-05,mixed
tier0_tier1_tier2,ALL,PY_STATS__NOMINAL,PY_STATS,NOMINAL,0,tier0,1.9668362732143508e-05,1.8485457474409944e-06,1.7690847696228088e-06,0.8446434954116911,0.07938444916898366,0.07597205541932513,compute,1.107985651384175e-05,0.47581635858367016,6.446104471449379e-06,0.2768232560433647,5.235315677811148e-07,0.022482681420468786,3.955601506206246e-06,0.16987042226944302,1.2808991899288212e-06,0.05500728168305317,tier0:cpu_times_idle_pct,1.8522984526310026e-06,tier1_alt:cpu_usage_pct,1.1006144903190872e-06,tier0:mem_free_bytes,9.790006355255856e-07,tier0:net_sent_Bps,9.66817156597461e-07,tier2:avg_core_id,8.221082813629671e-07,compute,1.107985651384175e-05,memory_io,6.446104471449379e-06,scheduler_runtime,3.955601506206246e-06,mixed
tier0_tier1_tier2,ALL,PY_STATS__TLB,PY_STATS,TLB,1,tier0,8.291195793767713e-05,6.554928884640243e-06,8.82967142725452e-06,0.8434879045018673,0.06668523294577093,0.0898268625523618,memory_io,1.6189119234300646e-05,0.16469670477370102,3.3588491217244666e-05,0.34170566920526896,2.922765470049203e-06,0.0297341587752075,2.442641820518328e-05,0.24849718688181702,2.1169764122794095e-05,0.21536628036400549,tier0:uptime_s,1.821163665049725e-05,tier0:mem_free_bytes,4.361459223891518e-06,tier0:soft_interrupts,4.33678190040772e-06,tier0:ctx_switches,4.326172074070332e-06,tier0:syscalls,3.56997609794794e-06,memory_io,3.3588491217244666e-05,scheduler_runtime,2.442641820518328e-05,platform_pressure,2.1169764122794095e-05,mixed
tier0_tier1_tier2,ALL,VIDEO_SW__ATOMIC,VIDEO_SW,ATOMIC,1,tier0,5.664989210707169e-05,1.1502852945313436e-05,5.161613570477057e-06,0.7726984614089785,0.1568976822737478,0.07040385631727357,memory_io,1.4826250809997354e-05,0.20222847322808013,3.24480390834581e-05,0.44258777806915944,7.135118922184495e-06,0.09732225796161428,1.529323581922887e-05,0.20859809874214544,3.611713987993378e-06,0.049263391999000705,tier0:mem_free_bytes,3.839363686642829e-06,tier0:mem_percent,3.7148117493892554e-06,tier0:mem_available_bytes,3.704391892057246e-06,tier0:mem_used_bytes,3.5529294755890417e-06,tier0:ctx_switches,3.3472433335873914e-06,memory_io,3.24480390834581e-05,scheduler_runtime,1.529323581922887e-05,compute,1.4826250809997354e-05,mixed
tier0_tier1_tier2,ALL,VIDEO_SW__BRANCH,VIDEO_SW,BRANCH,1,tier0,8.546386226548561e-05,4.18416761364993e-06,1.129005367914164e-05,0.8466959075574539,0.041452814102956266,0.11185127833958988,memory_io,1.56604722731965e-05,0.15514929272611797,4.29203197976161e-05,0.42521433223799826,2.3944801460280523e-06,0.02372226677600418,2.8426610969129928e-05,0.28162423900903233,1.1536200372306591e-05,0.11428986925084723,tier0:uptime_s,1.0513471904270522e-05,tier0:mem_free_bytes,7.092622682619102e-06,tier0:ctx_switches,6.483709882972168e-06,tier0:soft_interrupts,4.570001228999233e-06,tier2:unique_process_count,4.1917606748473435e-06,memory_io,4.29203197976161e-05,scheduler_runtime,2.8426610969129928e-05,compute,1.56604722731965e-05,mixed
tier0_tier1_tier2,ALL,VIDEO_SW__CACHE,VIDEO_SW,CACHE,1,tier0,7.175638158943772e-05,5.1043806141864e-06,4.554751446976016e-06,0.8813600550060378,0.06269542971984647,0.05594451527411623,memory_io,1.5104185293593833e-05,0.18551974453436987,3.960768379430715e-05,0.48648816445826365,3.441756015160735e-06,0.04227395812954337,1.6957389106904846e-05,0.2082820379869931,6.304499440633544e-06,0.07743609489083011,tier0:mem_free_bytes,7.546154431903621e-06,tier0:ctx_switches,6.186245206134767e-06,tier0:swap_used_bytes,3.3556434312456093e-06,tier0:mem_percent,2.9430545132660263e-06,tier0:mem_available_bytes,2.9333001477906847e-06,memory_io,3.960768379430715e-05,scheduler_runtime,1.6957389106904846e-05,compute,1.5104185293593833e-05,mixed
tier0_tier1_tier2,ALL,VIDEO_SW__MEMBW,VIDEO_SW,MEMBW,1,tier0,8.717036013230352e-05,4.377711578149593e-06,7.32978784083034e-06,0.8815963505671581,0.04427393147481184,0.07412971795802994,memory_io,1.3572229274662627e-05,0.1372625715833111,4.270833566085624e-05,0.43193022032101497,2.664816955646743e-06,0.026950593062389498,2.2063530903403446e-05,0.2231392447564067,1.786894675671441e-05,0.1807173702768778,tier0:uptime_s,1.1843338844506483e-05,tier0:mem_free_bytes,7.346596527198516e-06,tier0:ctx_switches,6.477414746989654e-06,tier0:soft_interrupts,5.049938121640903e-06,tier0:swap_used_bytes,3.536981916416166e-06,memory_io,4.270833566085624e-05,scheduler_runtime,2.2063530903403446e-05,platform_pressure,1.786894675671441e-05,mixed
tier0_tier1_tier2,ALL,VIDEO_SW__NOMINAL,VIDEO_SW,NOMINAL,0,tier0,1.880804355688704e-05,1.947021981434931e-06,4.334981395195407e-06,0.7496216968714272,0.07760136864606407,0.172776934482509,memory_io,8.170946522770013e-06,0.32566485604515083,8.306233798779998e-06,0.3310569255127156,6.464257161032642e-07,0.02576422905131018,6.684980826674944e-06,0.2664395504874322,1.2814600691891497e-06,0.05107443890339116,tier0:cpu_times_idle_pct,1.444719873007073e-06,tier2:max_core_id,1.3299388211122675e-06,tier1_alt:cpu_usage_pct,1.114193210641152e-06,tier2:avg_core_id,1.0165851780063745e-06,tier0:mem_free_bytes,1.013006531988383e-06,memory_io,8.306233798779998e-06,compute,8.170946522770013e-06,scheduler_runtime,6.684980826674944e-06,mixed
tier0_tier1_tier2,ALL,VIDEO_SW__TLB,VIDEO_SW,TLB,1,tier0,6.26693715142555e-05,4.009510909900963e-06,1.125021694693661e-05,0.8041844704996295,0.05145075385521837,0.14436477564515204,memory_io,1.559843328671253e-05,0.2001618575422494,3.149186136718319e-05,0.404109140505026,2.0294172351810443e-06,0.026041841257745033,2.2154820889761953e-05,0.284294584032881,6.654566592254355e-06,0.08539257666209847,tier0:mem_free_bytes,5.747608384297284e-06,tier0:uptime_s,5.207645528743297e-06,tier0:ctx_switches,5.0749638913981725e-06,tier2:unique_process_count,4.435599824883529e-06,tier0:soft_interrupts,4.0452404494348755e-06,memory_io,3.149186136718319e-05,scheduler_runtime,2.2154820889761953e-05,compute,1.559843328671253e-05,mixed
