config,holdout_workload,case_id,workload,stressor,label,run_score,run_alert,min_pvalue,peak_block_score,n_blocks,n_block_alerts,n_persist_alerts,first_block_alert_idx,first_persist_alert_idx,first_block_alert_s,time_to_detect_s,block_alerts_per_hour,persist_alerts_per_hour,n_features,tau,nominal_template_score,run_score_wc
tier0,ALL,BROWSER__ATOMIC,BROWSER,ATOMIC,1,0.006062978527170524,0,0.2505510653930933,0.006062978527170524,940,0,0,-1,-1,,,0.0,0.0,46,0.0130014327024567,0.005201480596170496,0.0008614979310000281
tier0,ALL,BROWSER__BRANCH,BROWSER,BRANCH,1,0.027789447510186693,1,0.0007347538574577516,0.027789447510186693,940,359,356,0,1,60.0,61.0,1374.8936170212767,1363.404255319149,46,0.0130014327024567,0.005201480596170496,0.022587966914016197
tier0,ALL,BROWSER__CACHE,BROWSER,CACHE,1,0.009407557913202955,0,0.2505510653930933,0.009407557913202955,940,0,0,-1,-1,,,0.0,0.0,46,0.0130014327024567,0.005201480596170496,0.004206077317032458
tier0,ALL,BROWSER__MEMBW,BROWSER,MEMBW,1,0.012362269318193026,0,0.11682586333578251,0.012362269318193026,940,0,0,-1,-1,,,0.0,0.0,46,0.0130014327024567,0.005201480596170496,0.00716078872202253
tier0,ALL,BROWSER__NOMINAL,BROWSER,NOMINAL,0,0.005201480596170496,0,0.28508449669360764,0.005201480596170496,940,0,0,-1,-1,,,0.0,0.0,46,0.0130014327024567,0.005201480596170496,0.0
tier0,ALL,BROWSER__TLB,BROWSER,TLB,1,0.011007401115844731,0,0.22703894195444527,0.011007401115844731,940,0,0,-1,-1,,,0.0,0.0,46,0.0130014327024567,0.005201480596170496,0.005805920519674235
tier0,ALL,PY_AI__ATOMIC,PY_AI,ATOMIC,1,0.013192010679238458,1,0.09698750918442321,0.013192010679238458,940,12,11,333,334,393.0,394.0,45.95744680851064,42.12765957446808,46,0.0130014327024567,0.005451956611752443,0.007740054067486015
tier0,ALL,PY_AI__BRANCH,PY_AI,BRANCH,1,0.009782769899569808,0,0.2505510653930933,0.009782769899569808,940,0,0,-1,-1,,,0.0,0.0,46,0.0130014327024567,0.005451956611752443,0.004330813287817365
tier0,ALL,PY_AI__CACHE,PY_AI,CACHE,1,0.006231470546849024,0,0.2505510653930933,0.006231470546849024,940,0,0,-1,-1,,,0.0,0.0,46,0.0130014327024567,0.005451956611752443,0.0007795139350965808
tier0,ALL,PY_AI__MEMBW,PY_AI,MEMBW,1,0.009975548133818287,0,0.2505510653930933,0.009975548133818287,940,0,0,-1,-1,,,0.0,0.0,46,0.0130014327024567,0.005451956611752443,0.004523591522065844
tier0,ALL,PY_AI__NOMINAL,PY_AI,NOMINAL,0,0.005451956611752443,0,0.2601028655400441,0.005451956611752443,940,0,0,-1,-1,,,0.0,0.0,46,0.0130014327024567,0.005451956611752443,0.0
tier0,ALL,PY_AI__TLB,PY_AI,TLB,1,0.0077819082297029855,0,0.2505510653930933,0.0077819082297029855,940,0,0,-1,-1,,,0.0,0.0,46,0.0130014327024567,0.005451956611752443,0.0023299516179505425
tier0,ALL,PY_STATS__ATOMIC,PY_STATS,ATOMIC,1,0.02502254655142432,1,0.0007347538574577516,0.02502254655142432,940,940,939,0,1,60.0,61.0,3600.0,3596.1702127659573,46,0.0130014327024567,0.005583073034770932,0.019439473516653386
tier0,ALL,PY_STATS__BRANCH,PY_STATS,BRANCH,1,0.018769108260053374,1,0.014695077149155033,0.018769108260053374,940,940,939,0,1,60.0,61.0,3600.0,3596.1702127659573,46,0.0130014327024567,0.005583073034770932,0.013186035225282442
tier0,ALL,PY_STATS__CACHE,PY_STATS,CACHE,1,0.011544518895889222,0,0.16972814107274062,0.011544518895889222,940,0,0,-1,-1,,,0.0,0.0,46,0.0130014327024567,0.005583073034770932,0.0059614458611182905
tier0,ALL,PY_STATS__MEMBW,PY_STATS,MEMBW,1,0.02215677995361969,1,0.0007347538574577516,0.02215677995361969,940,940,939,0,1,60.0,61.0,3600.0,3596.1702127659573,46,0.0130014327024567,0.005583073034770932,0.01657370691884876
tier0,ALL,PY_STATS__NOMINAL,PY_STATS,NOMINAL,0,0.005583073034770932,0,0.25128581925055105,0.005583073034770932,940,0,0,-1,-1,,,0.0,0.0,46,0.0130014327024567,0.005583073034770932,0.0
tier0,ALL,PY_STATS__TLB,PY_STATS,TLB,1,0.014150228863056526,1,0.08596620132255695,0.014150228863056526,940,389,388,551,552,611.0,612.0,1489.787234042553,1485.9574468085107,46,0.0130014327024567,0.005583073034770932,0.008567155828285595
tier0,ALL,VIDEO_SW__ATOMIC,VIDEO_SW,ATOMIC,1,0.012614713472071548,0,0.10874357090374724,0.012614713472071548,940,0,0,-1,-1,,,0.0,0.0,46,0.0130014327024567,0.020856265532313678,0.00824155206024213
tier0,ALL,VIDEO_SW__BRANCH,VIDEO_SW,BRANCH,1,0.022472249515263873,1,0.0007347538574577516,0.022472249515263873,940,197,196,743,744,803.0,804.0,754.468085106383,750.6382978723404,46,0.0130014327024567,0.020856265532313678,0.0016159839829501949
tier0,ALL,VIDEO_SW__CACHE,VIDEO_SW,CACHE,1,0.011556913369798905,0,0.16899338721528287,0.011556913369798905,940,0,0,-1,-1,,,0.0,0.0,46,0.0130014327024567,0.020856265532313678,0.009299352162514773
tier0,ALL,VIDEO_SW__MEMBW,VIDEO_SW,MEMBW,1,0.01989692226458823,1,0.00881704628949302,0.01989692226458823,940,494,492,3,4,63.0,64.0,1891.9148936170213,1884.2553191489362,46,0.0130014327024567,0.020856265532313678,0.0009593432677254474
tier0,ALL,VIDEO_SW__NOMINAL,VIDEO_SW,NOMINAL,0,0.020856265532313678,1,0.0007347538574577516,0.020856265532313678,940,160,159,576,577,636.0,637.0,612.7659574468086,608.936170212766,46,0.0130014327024567,0.020856265532313678,0.0
tier0,ALL,VIDEO_SW__TLB,VIDEO_SW,TLB,1,0.010165739506839173,0,0.2505510653930933,0.010165739506839173,940,0,0,-1,-1,,,0.0,0.0,46,0.0130014327024567,0.020856265532313678,0.010690526025474505
tier0_tier1,ALL,BROWSER__ATOMIC,BROWSER,ATOMIC,1,0.006986116870118126,0,0.3614988978692138,0.006986116870118126,940,0,0,-1,-1,,,0.0,0.0,64,0.019134124654712682,0.007300106688690686,0.0003139898185725602
tier0_tier1,ALL,BROWSER__BRANCH,BROWSER,BRANCH,1,0.036393915385626543,1,0.0007347538574577516,0.036393915385626543,940,191,190,0,1,60.0,61.0,731.4893617021277,727.6595744680851,64,0.019134124654712682,0.007300106688690686,0.02909380869693586
tier0_tier1,ALL,BROWSER__CACHE,BROWSER,CACHE,1,0.015307991110013144,0,0.2505510653930933,0.015307991110013144,940,0,0,-1,-1,,,0.0,0.0,64,0.019134124654712682,0.007300106688690686,0.00800788442132246
tier0_tier1,ALL,BROWSER__MEMBW,BROWSER,MEMBW,1,0.013847439347561184,0,0.2505510653930933,0.013847439347561184,940,0,0,-1,-1,,,0.0,0.0,64,0.019134124654712682,0.007300106688690686,0.006547332658870498
tier0_tier1,ALL,BROWSER__NOMINAL,BROWSER,NOMINAL,0,0.007300106688690686,0,0.3005143277002204,0.007300106688690686,940,0,0,-1,-1,,,0.0,0.0,64,0.019134124654712682,0.007300106688690686,0.0
tier0_tier1,ALL,BROWSER__TLB,BROWSER,TLB,1,0.014630184545202164,0,0.2505510653930933,0.014630184545202164,940,0,0,-1,-1,,,0.0,0.0,64,0.019134124654712682,0.007300106688690686,0.007330077856511478
tier0_tier1,ALL,PY_AI__ATOMIC,PY_AI,ATOMIC,1,0.024855541009132606,1,0.019103600293901544,0.024855541009132606,940,351,350,0,1,60.0,61.0,1344.2553191489362,1340.4255319148936,64,0.019134124654712682,0.007351360753629031,0.017504180255503574
tier0_tier1,ALL,PY_AI__BRANCH,PY_AI,BRANCH,1,0.04362174756203528,1,0.0007347538574577516,0.04362174756203528,940,940,939,0,1,60.0,61.0,3600.0,3596.1702127659573,64,0.019134124654712682,0.007351360753629031,0.03627038680840625
tier0_tier1,ALL,PY_AI__CACHE,PY_AI,CACHE,1,0.04107685806972278,1,0.0007347538574577516,0.04107685806972278,940,940,939,0,1,60.0,61.0,3600.0,3596.1702127659573,64,0.019134124654712682,0.007351360753629031,0.03372549731609375
tier0_tier1,ALL,PY_AI__MEMBW,PY_AI,MEMBW,1,0.04852384335686404,1,0.0007347538574577516,0.04852384335686404,940,940,939,0,1,60.0,61.0,3600.0,3596.1702127659573,64,0.019134124654712682,0.007351360753629031,0.041172482603235014
tier0_tier1,ALL,PY_AI__NOMINAL,PY_AI,NOMINAL,0,0.007351360753629031,0,0.29684055841293167,0.007351360753629031,940,0,0,-1,-1,,,0.0,0.0,64,0.019134124654712682,0.007351360753629031,0.0
tier0_tier1,ALL,PY_AI__TLB,PY_AI,TLB,1,0.029061326980367057,1,0.0007347538574577516,0.029061326980367057,940,28,27,912,913,972.0,973.0,107.23404255319149,103.40425531914893,64,0.019134124654712682,0.007351360753629031,0.021709966226738025
tier0_tier1,ALL,PY_STATS__ATOMIC,PY_STATS,ATOMIC,1,0.03564119104129762,1,0.0007347538574577516,0.03564119104129762,940,940,939,0,1,60.0,61.0,3600.0,3596.1702127659573,64,0.019134124654712682,0.007912254040504895,0.027728937000792726
tier0_tier1,ALL,PY_STATS__BRANCH,PY_STATS,BRANCH,1,0.025702350982593228,1,0.011756061719324026,0.025702350982593228,940,940,939,0,1,60.0,61.0,3600.0,3596.1702127659573,64,0.019134124654712682,0.007912254040504895,0.017790096942088333
tier0_tier1,ALL,PY_STATS__CACHE,PY_STATS,CACHE,1,0.019088099923888952,0,0.10139603232916973,0.019088099923888952,940,0,0,-1,-1,,,0.0,0.0,64,0.019134124654712682,0.007912254040504895,0.011175845883384057
tier0_tier1,ALL,PY_STATS__MEMBW,PY_STATS,MEMBW,1,0.029131333363691524,1,0.0007347538574577516,0.029131333363691524,940,940,939,0,1,60.0,61.0,3600.0,3596.1702127659573,64,0.019134124654712682,0.007912254040504895,0.02121907932318663
tier0_tier1,ALL,PY_STATS__NOMINAL,PY_STATS,NOMINAL,0,0.007912254040504895,0,0.2505510653930933,0.007912254040504895,940,0,0,-1,-1,,,0.0,0.0,64,0.019134124654712682,0.007912254040504895,0.0
tier0_tier1,ALL,PY_STATS__TLB,PY_STATS,TLB,1,0.020917492333049972,1,0.08082292432035268,0.020917492333049972,940,403,402,537,538,597.0,598.0,1543.404255319149,1539.5744680851064,64,0.019134124654712682,0.007912254040504895,0.013005238292545077
tier0_tier1,ALL,VIDEO_SW__ATOMIC,VIDEO_SW,ATOMIC,1,0.021616426667579007,1,0.07494489346069066,0.021616426667579007,940,55,54,23,24,83.0,84.0,210.63829787234042,206.80851063829786,64,0.019134124654712682,0.02780923499713689,0.006192808329557882
tier0_tier1,ALL,VIDEO_SW__BRANCH,VIDEO_SW,BRANCH,1,0.028819191085932575,1,0.0007347538574577516,0.028819191085932575,940,112,111,756,757,816.0,817.0,428.93617021276594,425.1063829787234,64,0.019134124654712682,0.02780923499713689,0.0010099560887956854
tier0_tier1,ALL,VIDEO_SW__CACHE,VIDEO_SW,CACHE,1,0.019646792969249247,1,0.09331373989713446,0.019646792969249247,940,212,211,65,66,125.0,126.0,811.9148936170212,808.0851063829788,64,0.019134124654712682,0.02780923499713689,0.008162442027887643
tier0_tier1,ALL,VIDEO_SW__MEMBW,VIDEO_SW,MEMBW,1,0.02646644600149861,1,0.00881704628949302,0.02646644600149861,940,365,363,9,10,69.0,70.0,1397.872340425532,1390.212765957447,64,0.019134124654712682,0.02780923499713689,0.0013427889956382777
tier0_tier1,ALL,VIDEO_SW__NOMINAL,VIDEO_SW,NOMINAL,0,0.02780923499713689,1,0.0014695077149155032,0.02780923499713689,940,149,148,586,587,646.0,647.0,570.6382978723404,566.8085106382979,64,0.019134124654712682,0.02780923499713689,0.0
tier0_tier1,ALL,VIDEO_SW__TLB,VIDEO_SW,TLB,1,0.019680847387797983,1,0.09331373989713446,0.019680847387797983,940,33,32,599,600,659.0,660.0,126.38297872340425,122.55319148936171,64,0.019134124654712682,0.02780923499713689,0.008128387609338907
tier0_tier1_tier2,ALL,BROWSER__ATOMIC,BROWSER,ATOMIC,1,0.004093841598795313,0,0.2505510653930933,0.004093841598795313,940,0,0,-1,-1,,,0.0,0.0,75,0.004364635639335939,0.003771788206231081,0.00032205339256423165
tier0_tier1_tier2,ALL,BROWSER__BRANCH,BROWSER,BRANCH,1,0.01524396168609881,1,0.0007347538574577516,0.01524396168609881,940,940,939,0,1,60.0,61.0,3600.0,3596.1702127659573,75,0.004364635639335939,0.003771788206231081,0.01147217347986773
tier0_tier1_tier2,ALL,BROWSER__CACHE,BROWSER,CACHE,1,0.012651258009875602,1,0.0007347538574577516,0.012651258009875602,940,940,939,0,1,60.0,61.0,3600.0,3596.1702127659573,75,0.004364635639335939,0.003771788206231081,0.008879469803644522
tier0_tier1_tier2,ALL,BROWSER__MEMBW,BROWSER,MEMBW,1,0.007814263196333283,1,0.0007347538574577516,0.007814263196333283,940,940,939,0,1,60.0,61.0,3600.0,3596.1702127659573,75,0.004364635639335939,0.003771788206231081,0.004042474990102202
tier0_tier1_tier2,ALL,BROWSER__NOMINAL,BROWSER,NOMINAL,0,0.003771788206231081,0,0.25128581925055105,0.003771788206231081,940,0,0,-1,-1,,,0.0,0.0,75,0.004364635639335939,0.003771788206231081,0.0
tier0_tier1_tier2,ALL,BROWSER__TLB,BROWSER,TLB,1,0.016223119808339494,1,0.0007347538574577516,0.016223119808339494,940,940,939,0,1,60.0,61.0,3600.0,3596.1702127659573,75,0.004364635639335939,0.003771788206231081,0.012451331602108413
tier0_tier1_tier2,ALL,PY_AI__ATOMIC,PY_AI,ATOMIC,1,0.00624623461914371,1,0.0007347538574577516,0.00624623461914371,940,940,939,0,1,60.0,61.0,3600.0,3596.1702127659573,75,0.004364635639335939,0.001717381409959101,0.004528853209184609
tier0_tier1_tier2,ALL,PY_AI__BRANCH,PY_AI,BRANCH,1,0.009504945218631242,1,0.0007347538574577516,0.009504945218631242,940,940,939,0,1,60.0,61.0,3600.0,3596.1702127659573,75,0.004364635639335939,0.001717381409959101,0.007787563808672141
tier0_tier1_tier2,ALL,PY_AI__CACHE,PY_AI,CACHE,1,0.04061674098790909,1,0.0007347538574577516,0.04061674098790909,940,940,939,0,1,60.0,61.0,3600.0,3596.1702127659573,75,0.004364635639335939,0.001717381409959101,0.038899359577949995
tier0_tier1_tier2,ALL,PY_AI__MEMBW,PY_AI,MEMBW,1,0.010360610973891151,1,0.0007347538574577516,0.010360610973891151,940,940,939,0,1,60.0,61.0,3600.0,3596.1702127659573,75,0.004364635639335939,0.001717381409959101,0.00864322956393205
tier0_tier1_tier2,ALL,PY_AI__NOMINAL,PY_AI,NOMINAL,0,0.001717381409959101,0,0.40925789860396766,0.001717381409959101,940,0,0,-1,-1,,,0.0,0.0,75,0.004364635639335939,0.001717381409959101,0.0
tier0_tier1_tier2,ALL,PY_AI__TLB,PY_AI,TLB,1,0.006459716951726174,1,0.0007347538574577516,0.006459716951726174,940,28,27,912,913,972.0,973.0,107.23404255319149,103.40425531914893,75,0.004364635639335939,0.001717381409959101,0.004742335541767073
tier0_tier1_tier2,ALL,PY_STATS__ATOMIC,PY_STATS,ATOMIC,1,0.008430693078176902,1,0.0007347538574577516,0.008430693078176902,940,940,939,0,1,60.0,61.0,3600.0,3596.1702127659573,75,0.004364635639335939,0.001715332613793699,0.006715360464383203
tier0_tier1_tier2,ALL,PY_STATS__BRANCH,PY_STATS,BRANCH,1,0.006140071227245442,1,0.0007347538574577516,0.006140071227245442,940,940,939,0,1,60.0,61.0,3600.0,3596.1702127659573,75,0.004364635639335939,0.001715332613793699,0.004424738613451743
tier0_tier1_tier2,ALL,PY_STATS__CACHE,PY_STATS,CACHE,1,0.005351585534700847,1,0.01763409257898604,0.005351585534700847,940,180,178,0,1,60.0,61.0,689.3617021276596,681.7021276595744,75,0.004364635639335939,0.001715332613793699,0.003636252920907148
tier0_tier1_tier2,ALL,PY_STATS__MEMBW,PY_STATS,MEMBW,1,0.0077011010862481945,1,0.0007347538574577516,0.0077011010862481945,940,940,939,0,1,60.0,61.0,3600.0,3596.1702127659573,75,0.004364635639335939,0.001715332613793699,0.0059857684724544955
tier0_tier1_tier2,ALL,PY_STATS__NOMINAL,PY_STATS,NOMINAL,0,0.001715332613793699,0,0.4099926524614254,0.001715332613793699,940,0,0,-1,-1,,,0.0,0.0,75,0.004364635639335939,0.001715332613793699,0.0
tier0_tier1_tier2,ALL,PY_STATS__TLB,PY_STATS,TLB,1,0.005751700657690946,1,0.006612784717119765,0.005751700657690946,940,637,636,303,304,363.0,364.0,2439.574468085106,2435.744680851064,75,0.004364635639335939,0.001715332613793699,0.004036368043897247
tier0_tier1_tier2,ALL,VIDEO_SW__ATOMIC,VIDEO_SW,ATOMIC,1,0.008626028434624882,1,0.0007347538574577516,0.008626028434624882,940,940,939,0,1,60.0,61.0,3600.0,3596.1702127659573,75,0.004364635639335939,0.0059238382450514685,0.0027021901895734135
tier0_tier1_tier2,ALL,VIDEO_SW__BRANCH,VIDEO_SW,BRANCH,1,0.007602137609357849,1,0.0007347538574577516,0.007602137609357849,940,440,439,500,501,560.0,561.0,1685.1063829787233,1681.276595744681,75,0.004364635639335939,0.0059238382450514685,0.0016782993643063805
tier0_tier1_tier2,ALL,VIDEO_SW__CACHE,VIDEO_SW,CACHE,1,0.006369540049632107,1,0.0007347538574577516,0.006369540049632107,940,597,595,0,1,60.0,61.0,2286.3829787234044,2278.723404255319,75,0.004364635639335939,0.0059238382450514685,0.00044570180458063883
tier0_tier1_tier2,ALL,VIDEO_SW__MEMBW,VIDEO_SW,MEMBW,1,0.00900732319541487,1,0.0007347538574577516,0.00900732319541487,940,929,928,11,12,71.0,72.0,3557.872340425532,3554.0425531914893,75,0.004364635639335939,0.0059238382450514685,0.003083484950363401
tier0_tier1_tier2,ALL,VIDEO_SW__NOMINAL,VIDEO_SW,NOMINAL,0,0.0059238382450514685,1,0.0014695077149155032,0.0059238382450514685,940,146,144,589,590,649.0,650.0,559.1489361702128,551.4893617021277,75,0.004364635639335939,0.0059238382450514685,0.0
tier0_tier1_tier2,ALL,VIDEO_SW__TLB,VIDEO_SW,TLB,1,0.006637977745097041,1,0.0007347538574577516,0.006637977745097041,940,728,727,212,213,272.0,273.0,2788.0851063829787,2784.255319148936,75,0.004364635639335939,0.0059238382450514685,0.0007141395000455726
